Postcode,Economy,Premium
IM1 1AA,80,90
IM1 1AD,80,90
IM1 1AE,80,90
IM1 1AF,80,90
IM1 1AG,80,90
IM1 1AH,80,90
IM1 1AJ,80,90
IM1 1AL,80,90
IM1 1AN,80,90
IM1 1AP,80,90
IM1 1AQ,80,90
IM1 1AR,80,90
IM1 1AS,80,90
IM1 1AT,80,90
IM1 1AU,80,90
IM1 1AW,80,90
IM1 1AX,80,90
IM1 1AY,80,90
IM1 1AZ,80,90
IM1 1BA,80,90
IM1 1BB,80,90
IM1 1BD,80,90
IM1 1BE,80,90
IM1 1BF,80,90
IM1 1BG,80,90
IM1 1BH,80,90
IM1 1BJ,80,90
IM1 1BL,80,90
IM1 1BN,80,90
IM1 1BP,80,90
IM1 1BQ,80,90
IM1 1BR,80,90
IM1 1BS,80,90
IM1 1BT,80,90
IM1 1BU,80,90
IM1 1BW,80,90
IM1 1BX,80,90
IM1 1BY,80,90
IM1 1EA,80,90
IM1 1EB,80,90
IM1 1ED,80,90
IM1 1EE,80,90
IM1 1EF,80,90
IM1 1EG,80,90
IM1 1EH,80,90
IM1 1EJ,80,90
IM1 1EL,80,90
IM1 1EN,80,90
IM1 1EP,80,90
IM1 1EQ,80,90
IM1 1ER,80,90
IM1 1ES,80,90
IM1 1ET,80,90
IM1 1EU,80,90
IM1 1EW,80,90
IM1 1EX,80,90
IM1 1JA,80,90
IM1 1JB,80,90
IM1 1JD,80,90
IM1 1JE,80,90
IM1 1LA,80,90
IM1 1LB,80,90
IM1 1LD,80,90
IM1 1LE,80,90
IM1 1LF,80,90
IM1 1LG,80,90
IM1 1LH,80,90
IM1 1LJ,80,90
IM1 1LL,80,90
IM1 1LN,80,90
IM1 1LP,80,90
IM1 1LQ,80,90
IM1 1LR,80,90
IM1 1LS,80,90
IM1 1LT,80,90
IM1 1LW,80,90
IM1 1PB,80,90
IM1 1PD,80,90
IM1 1PE,80,90
IM1 1PF,80,90
IM1 1PG,80,90
IM1 1PH,80,90
IM1 1PJ,80,90
IM1 1PL,80,90
IM1 1PN,80,90
IM1 1PP,80,90
IM1 1PQ,80,90
IM1 1PR,80,90
IM1 1PS,80,90
IM1 1PT,80,90
IM1 1PU,80,90
IM1 1PX,80,90
IM1 1PY,80,90
IM1 1QA,80,90
IM1 1QB,80,90
IM1 1QD,80,90
IM1 1QE,80,90
IM1 1QF,80,90
IM1 1QG,80,90
IM1 1QH,80,90
IM1 1QJ,80,90
IM1 1QL,80,90
IM1 1QP,80,90
IM1 1QQ,80,90
IM1 1QR,80,90
IM1 1QS,80,90
IM1 1QT,80,90
IM1 1QW,80,90
IM1 1RD,80,90
IM1 1RE,80,90
IM1 1RL,80,90
IM1 1RS,80,90
IM1 1SA,80,90
IM1 1SB,80,90
IM1 1SQ,80,90
IM1 1TA,80,90
IM1 1TB,80,90
IM1 1UB,80,90
IM1 2AB,80,90
IM1 2AD,80,90
IM1 2AF,80,90
IM1 2AG,80,90
IM1 2AH,80,90
IM1 2AJ,80,90
IM1 2AL,80,90
IM1 2AN,80,90
IM1 2AP,80,90
IM1 2AQ,80,90
IM1 2AR,80,90
IM1 2AS,80,90
IM1 2AU,80,90
IM1 2AW,80,90
IM1 2AX,80,90
IM1 2AY,80,90
IM1 2AZ,80,90
IM1 2BA,80,90
IM1 2BB,80,90
IM1 2BD,80,90
IM1 2BE,80,90
IM1 2BF,80,90
IM1 2BG,80,90
IM1 2BH,80,90
IM1 2BJ,80,90
IM1 2BL,80,90
IM1 2BQ,80,90
IM1 2BS,80,90
IM1 2BT,80,90
IM1 2BU,80,90
IM1 2BW,80,90
IM1 2BX,80,90
IM1 2BY,80,90
IM1 2BZ,80,90
IM1 2DA,80,90
IM1 2DB,80,90
IM1 2DD,80,90
IM1 2EA,80,90
IM1 2EB,80,90
IM1 2ED,80,90
IM1 2EE,80,90
IM1 2EF,80,90
IM1 2EG,80,90
IM1 2EH,80,90
IM1 2EJ,80,90
IM1 2EL,80,90
IM1 2EN,80,90
IM1 2EP,80,90
IM1 2EQ,80,90
IM1 2ER,80,90
IM1 2ES,80,90
IM1 2ET,80,90
IM1 2EU,80,90
IM1 2EW,80,90
IM1 2EX,80,90
IM1 2EY,80,90
IM1 2EZ,80,90
IM1 2HA,80,90
IM1 2HB,80,90
IM1 2HD,80,90
IM1 2HE,80,90
IM1 2HF,80,90
IM1 2HG,80,90
IM1 2HH,80,90
IM1 2HJ,80,90
IM1 2HN,80,90
IM1 2HP,80,90
IM1 2HQ,80,90
IM1 2HR,80,90
IM1 2HW,80,90
IM1 2LA,80,90
IM1 2LB,80,90
IM1 2LD,80,90
IM1 2LE,80,90
IM1 2LF,80,90
IM1 2LG,80,90
IM1 2LH,80,90
IM1 2LJ,80,90
IM1 2LL,80,90
IM1 2LN,80,90
IM1 2LP,80,90
IM1 2LQ,80,90
IM1 2LR,80,90
IM1 2LS,80,90
IM1 2LT,80,90
IM1 2LU,80,90
IM1 2LW,80,90
IM1 2LX,80,90
IM1 2LY,80,90
IM1 2LZ,80,90
IM1 2NA,80,90
IM1 2NB,80,90
IM1 2PA,80,90
IM1 2PB,80,90
IM1 2PD,80,90
IM1 2PE,80,90
IM1 2PF,80,90
IM1 2PG,80,90
IM1 2PH,80,90
IM1 2PJ,80,90
IM1 2PL,80,90
IM1 2PN,80,90
IM1 2PP,80,90
IM1 2PQ,80,90
IM1 2PR,80,90
IM1 2PS,80,90
IM1 2PT,80,90
IM1 2PU,80,90
IM1 2PW,80,90
IM1 2PX,80,90
IM1 2QA,80,90
IM1 2QD,80,90
IM1 2QE,80,90
IM1 2QF,80,90
IM1 2QG,80,90
IM1 2QH,80,90
IM1 2QJ,80,90
IM1 2QL,80,90
IM1 2QN,80,90
IM1 2RA,80,90
IM1 2RD,80,90
IM1 2RE,80,90
IM1 2RF,80,90
IM1 2RG,80,90
IM1 2RH,80,90
IM1 2RJ,80,90
IM1 2RL,80,90
IM1 2RN,80,90
IM1 2RP,80,90
IM1 2RQ,80,90
IM1 2RR,80,90
IM1 2RS,80,90
IM1 2RT,80,90
IM1 2RU,80,90
IM1 2RW,80,90
IM1 2RX,80,90
IM1 2RY,80,90
IM1 2RZ,80,90
IM1 2SA,80,90
IM1 2SB,80,90
IM1 2SD,80,90
IM1 2SE,80,90
IM1 2SF,80,90
IM1 2SG,80,90
IM1 2SH,80,90
IM1 2SJ,80,90
IM1 2SL,80,90
IM1 2SN,80,90
IM1 2SP,80,90
IM1 2SQ,80,90
IM1 2SR,80,90
IM1 2UB,80,90
IM1 3AB,80,90
IM1 3AD,80,90
IM1 3AE,80,90
IM1 3AF,80,90
IM1 3AG,80,90
IM1 3AH,80,90
IM1 3AJ,80,90
IM1 3AL,80,90
IM1 3AN,80,90
IM1 3AP,80,90
IM1 3AQ,80,90
IM1 3AR,80,90
IM1 3AS,80,90
IM1 3AU,80,90
IM1 3AW,80,90
IM1 3DA,80,90
IM1 3DB,80,90
IM1 3DD,80,90
IM1 3DE,80,90
IM1 3DF,80,90
IM1 3DG,80,90
IM1 3DH,80,90
IM1 3DJ,80,90
IM1 3DL,80,90
IM1 3DN,80,90
IM1 3DP,80,90
IM1 3DQ,80,90
IM1 3DR,80,90
IM1 3DS,80,90
IM1 3DT,80,90
IM1 3DU,80,90
IM1 3DW,80,90
IM1 3DX,80,90
IM1 3DY,80,90
IM1 3DZ,80,90
IM1 3EA,80,90
IM1 3EB,80,90
IM1 3ED,80,90
IM1 3EE,80,90
IM1 3EF,80,90
IM1 3EG,80,90
IM1 3EH,80,90
IM1 3EJ,80,90
IM1 3EL,80,90
IM1 3EN,80,90
IM1 3EP,80,90
IM1 3EQ,80,90
IM1 3ER,80,90
IM1 3ES,80,90
IM1 3ET,80,90
IM1 3EU,80,90
IM1 3EW,80,90
IM1 3EX,80,90
IM1 3EY,80,90
IM1 3EZ,80,90
IM1 3FH,80,90
IM1 3HA,80,90
IM1 3HD,80,90
IM1 3HE,80,90
IM1 3HF,80,90
IM1 3HG,80,90
IM1 3HH,80,90
IM1 3HQ,80,90
IM1 3JA,80,90
IM1 3JB,80,90
IM1 3JD,80,90
IM1 3JE,80,90
IM1 3JF,80,90
IM1 3JG,80,90
IM1 3JH,80,90
IM1 3JJ,80,90
IM1 3JL,80,90
IM1 3JN,80,90
IM1 3JP,80,90
IM1 3JQ,80,90
IM1 3JR,80,90
IM1 3JS,80,90
IM1 3JT,80,90
IM1 3JU,80,90
IM1 3JW,80,90
IM1 3JX,80,90
IM1 3JY,80,90
IM1 3JZ,80,90
IM1 3LA,80,90
IM1 3LB,80,90
IM1 3LD,80,90
IM1 3LE,80,90
IM1 3LF,80,90
IM1 3LG,80,90
IM1 3LH,80,90
IM1 3LJ,80,90
IM1 3LL,80,90
IM1 3LN,80,90
IM1 3LP,80,90
IM1 3LQ,80,90
IM1 3LR,80,90
IM1 3LS,80,90
IM1 3LT,80,90
IM1 3LU,80,90
IM1 3LW,80,90
IM1 3LX,80,90
IM1 3LY,80,90
IM1 3LZ,80,90
IM1 3NA,80,90
IM1 3NB,80,90
IM1 3ND,80,90
IM1 3PA,80,90
IM1 3PB,80,90
IM1 3PD,80,90
IM1 3PE,80,90
IM1 3PF,80,90
IM1 3PG,80,90
IM1 3PH,80,90
IM1 3PL,80,90
IM1 3PN,80,90
IM1 3PP,80,90
IM1 3PQ,80,90
IM1 3PR,80,90
IM1 3PS,80,90
IM1 3PU,80,90
IM1 3PW,80,90
IM1 3PX,80,90
IM1 3PY,80,90
IM1 3PZ,80,90
IM1 3QA,80,90
IM1 3QB,80,90
IM1 3RS,80,90
IM1 3TX,80,90
IM1 4AB,80,90
IM1 4AD,80,90
IM1 4AE,80,90
IM1 4AF,80,90
IM1 4AG,80,90
IM1 4AH,80,90
IM1 4AJ,80,90
IM1 4AL,80,90
IM1 4AN,80,90
IM1 4AP,80,90
IM1 4AQ,80,90
IM1 4AR,80,90
IM1 4AS,80,90
IM1 4AT,80,90
IM1 4AU,80,90
IM1 4AW,80,90
IM1 4AX,80,90
IM1 4AY,80,90
IM1 4AZ,80,90
IM1 4BA,80,90
IM1 4BB,80,90
IM1 4BD,80,90
IM1 4BE,80,90
IM1 4BF,80,90
IM1 4BG,80,90
IM1 4BH,80,90
IM1 4BJ,80,90
IM1 4BL,80,90
IM1 4BN,80,90
IM1 4BP,80,90
IM1 4BQ,80,90
IM1 4BR,80,90
IM1 4BS,80,90
IM1 4BT,80,90
IM1 4BU,80,90
IM1 4BW,80,90
IM1 4BX,80,90
IM1 4BY,80,90
IM1 4BZ,80,90
IM1 4DA,80,90
IM1 4DB,80,90
IM1 4DD,80,90
IM1 4DE,80,90
IM1 4DF,80,90
IM1 4EA,80,90
IM1 4EB,80,90
IM1 4ED,80,90
IM1 4EE,80,90
IM1 4EF,80,90
IM1 4EG,80,90
IM1 4EH,80,90
IM1 4EJ,80,90
IM1 4EL,80,90
IM1 4EN,80,90
IM1 4EP,80,90
IM1 4EQ,80,90
IM1 4ER,80,90
IM1 4ES,80,90
IM1 4ET,80,90
IM1 4EU,80,90
IM1 4EW,80,90
IM1 4EX,80,90
IM1 4EY,80,90
IM1 4EZ,80,90
IM1 4HA,80,90
IM1 4HB,80,90
IM1 4HD,80,90
IM1 4HE,80,90
IM1 4HF,80,90
IM1 4HG,80,90
IM1 4HH,80,90
IM1 4HJ,80,90
IM1 4HL,80,90
IM1 4HN,80,90
IM1 4HP,80,90
IM1 4HQ,80,90
IM1 4HR,80,90
IM1 4HS,80,90
IM1 4HT,80,90
IM1 4HU,80,90
IM1 4HW,80,90
IM1 4HX,80,90
IM1 4HY,80,90
IM1 4HZ,80,90
IM1 4JA,80,90
IM1 4JB,80,90
IM1 4JD,80,90
IM1 4JE,80,90
IM1 4LA,80,90
IM1 4LB,80,90
IM1 4LD,80,90
IM1 4LE,80,90
IM1 4LF,80,90
IM1 4LG,80,90
IM1 4LH,80,90
IM1 4LJ,80,90
IM1 4LL,80,90
IM1 4LN,80,90
IM1 4LP,80,90
IM1 4LQ,80,90
IM1 4LR,80,90
IM1 4LS,80,90
IM1 4LT,80,90
IM1 4LU,80,90
IM1 4LW,80,90
IM1 4LX,80,90
IM1 4LY,80,90
IM1 4LZ,80,90
IM1 4NA,80,90
IM1 4NB,80,90
IM1 4ND,80,90
IM1 4NE,80,90
IM1 4NF,80,90
IM1 4NG,80,90
IM1 4NH,80,90
IM1 4NJ,80,90
IM1 4NL,80,90
IM1 4NN,80,90
IM1 4NP,80,90
IM1 4NQ,80,90
IM1 4NR,80,90
IM1 4NS,80,90
IM1 4NT,80,90
IM1 4NU,80,90
IM1 4NW,80,90
IM1 4NX,80,90
IM1 4NY,80,90
IM1 4NZ,80,90
IM1 4QA,80,90
IM1 4QB,80,90
IM1 4QD,80,90
IM1 4QE,80,90
IM1 4QF,80,90
IM1 4QG,80,90
IM1 4RE,80,90
IM1 4ZZ,80,90
IM1 5AB,80,90
IM1 5AD,80,90
IM1 5AE,80,90
IM1 5AF,80,90
IM1 5AG,80,90
IM1 5AH,80,90
IM1 5AJ,80,90
IM1 5AL,80,90
IM1 5AN,80,90
IM1 5AP,80,90
IM1 5AQ,80,90
IM1 5AR,80,90
IM1 5AS,80,90
IM1 5AT,80,90
IM1 5AU,80,90
IM1 5AW,80,90
IM1 5AX,80,90
IM1 5AY,80,90
IM1 5AZ,80,90
IM1 5BA,80,90
IM1 5BB,80,90
IM1 5BD,80,90
IM1 5BE,80,90
IM1 5BF,80,90
IM1 5BG,80,90
IM1 5BH,80,90
IM1 5BJ,80,90
IM1 5BL,80,90
IM1 5BN,80,90
IM1 5BP,80,90
IM1 5BQ,80,90
IM1 5BR,80,90
IM1 5BS,80,90
IM1 5BT,80,90
IM1 5BU,80,90
IM1 5BW,80,90
IM1 5BX,80,90
IM1 5BY,80,90
IM1 5BZ,80,90
IM1 5EA,80,90
IM1 5EB,80,90
IM1 5ED,80,90
IM1 5EE,80,90
IM1 5EG,80,90
IM1 5EH,80,90
IM1 5EJ,80,90
IM1 5EL,80,90
IM1 5EN,80,90
IM1 5EP,80,90
IM1 5EQ,80,90
IM1 5EW,80,90
IM1 5EZ,80,90
IM1 5PA,80,90
IM1 5PD,80,90
IM1 5PT,80,90
IM1 5PZ,80,90
IM2 1AA,80,90
IM2 1AB,80,90
IM2 1AD,80,90
IM2 1AE,80,90
IM2 1AF,80,90
IM2 1AG,80,90
IM2 1AH,80,90
IM2 1AJ,80,90
IM2 1AL,80,90
IM2 1AN,80,90
IM2 1AP,80,90
IM2 1AQ,80,90
IM2 1AS,80,90
IM2 1AT,80,90
IM2 1AU,80,90
IM2 1AW,80,90
IM2 1AX,80,90
IM2 1AY,80,90
IM2 1AZ,80,90
IM2 1BA,80,90
IM2 1BB,80,90
IM2 1BD,80,90
IM2 1BE,80,90
IM2 1BF,80,90
IM2 1BG,80,90
IM2 1BH,80,90
IM2 1BJ,80,90
IM2 1BL,80,90
IM2 1BN,80,90
IM2 1BP,80,90
IM2 1BQ,80,90
IM2 1BR,80,90
IM2 1BS,80,90
IM2 1BT,80,90
IM2 1BU,80,90
IM2 1BW,80,90
IM2 1BX,80,90
IM2 1BY,80,90
IM2 1BZ,80,90
IM2 1DA,80,90
IM2 1DB,80,90
IM2 1DD,80,90
IM2 1DE,80,90
IM2 1DF,80,90
IM2 1DG,80,90
IM2 1DH,80,90
IM2 1DJ,80,90
IM2 1DL,80,90
IM2 1DN,80,90
IM2 1DP,80,90
IM2 1DQ,80,90
IM2 1DR,80,90
IM2 1DS,80,90
IM2 1DU,80,90
IM2 1DW,80,90
IM2 1DX,80,90
IM2 1DY,80,90
IM2 1DZ,80,90
IM2 1EA,80,90
IM2 1EB,80,90
IM2 1ED,80,90
IM2 1EE,80,90
IM2 1EF,80,90
IM2 1EG,80,90
IM2 1EH,80,90
IM2 1EJ,80,90
IM2 1EL,80,90
IM2 1EN,80,90
IM2 1EP,80,90
IM2 1EQ,80,90
IM2 1ER,80,90
IM2 1ES,80,90
IM2 1ET,80,90
IM2 1EU,80,90
IM2 1EW,80,90
IM2 1EX,80,90
IM2 1EY,80,90
IM2 1EZ,80,90
IM2 1HA,80,90
IM2 1HB,80,90
IM2 1HD,80,90
IM2 1HE,80,90
IM2 1HF,80,90
IM2 1HG,80,90
IM2 1HH,80,90
IM2 1HJ,80,90
IM2 1HL,80,90
IM2 1HN,80,90
IM2 1HP,80,90
IM2 1HQ,80,90
IM2 1HR,80,90
IM2 1HS,80,90
IM2 1HT,80,90
IM2 1HU,80,90
IM2 1HW,80,90
IM2 1HX,80,90
IM2 1HY,80,90
IM2 1HZ,80,90
IM2 1JA,80,90
IM2 1JB,80,90
IM2 1JD,80,90
IM2 1JE,80,90
IM2 1JF,80,90
IM2 1JG,80,90
IM2 1JH,80,90
IM2 1JJ,80,90
IM2 1JL,80,90
IM2 1JN,80,90
IM2 1JQ,80,90
IM2 1JS,80,90
IM2 1JT,80,90
IM2 1JU,80,90
IM2 1JW,80,90
IM2 1LA,80,90
IM2 1LF,80,90
IM2 1NA,80,90
IM2 1NB,80,90
IM2 1ND,80,90
IM2 1NE,80,90
IM2 1NF,80,90
IM2 1NG,80,90
IM2 1NH,80,90
IM2 1NJ,80,90
IM2 1NL,80,90
IM2 1NN,80,90
IM2 1NP,80,90
IM2 1NQ,80,90
IM2 1NR,80,90
IM2 1NS,80,90
IM2 1NT,80,90
IM2 1NU,80,90
IM2 1NW,80,90
IM2 1NX,80,90
IM2 1NY,80,90
IM2 1NZ,80,90
IM2 1PA,80,90
IM2 1PB,80,90
IM2 1PD,80,90
IM2 1PE,80,90
IM2 1PF,80,90
IM2 1PG,80,90
IM2 1PH,80,90
IM2 1PJ,80,90
IM2 1PL,80,90
IM2 1PN,80,90
IM2 1PP,80,90
IM2 1PQ,80,90
IM2 1PW,80,90
IM2 1PX,80,90
IM2 1PY,80,90
IM2 1QA,80,90
IM2 1QB,80,90
IM2 1QD,80,90
IM2 1QE,80,90
IM2 1QF,80,90
IM2 1QG,80,90
IM2 1QH,80,90
IM2 1QJ,80,90
IM2 1QL,80,90
IM2 1QN,80,90
IM2 1QP,80,90
IM2 1QQ,80,90
IM2 1QR,80,90
IM2 1QS,80,90
IM2 1QT,80,90
IM2 1QU,80,90
IM2 1QW,80,90
IM2 1QX,80,90
IM2 1QY,80,90
IM2 1RB,80,90
IM2 2AA,80,90
IM2 2AB,80,90
IM2 2AD,80,90
IM2 2AE,80,90
IM2 2AF,80,90
IM2 2AG,80,90
IM2 2AH,80,90
IM2 2AJ,80,90
IM2 2AL,80,90
IM2 2AN,80,90
IM2 2AP,80,90
IM2 2AQ,80,90
IM2 2AR,80,90
IM2 2AS,80,90
IM2 2AT,80,90
IM2 2AU,80,90
IM2 2AW,80,90
IM2 2AX,80,90
IM2 2AY,80,90
IM2 2AZ,80,90
IM2 2BA,80,90
IM2 2BB,80,90
IM2 2BD,80,90
IM2 2BE,80,90
IM2 2BF,80,90
IM2 2BG,80,90
IM2 2BH,80,90
IM2 2BJ,80,90
IM2 2BL,80,90
IM2 2BN,80,90
IM2 2BP,80,90
IM2 2BQ,80,90
IM2 2BR,80,90
IM2 2BS,80,90
IM2 2BT,80,90
IM2 2BU,80,90
IM2 2BW,80,90
IM2 2BX,80,90
IM2 2BY,80,90
IM2 2BZ,80,90
IM2 2DA,80,90
IM2 2DB,80,90
IM2 2DD,80,90
IM2 2DE,80,90
IM2 2DF,80,90
IM2 2DG,80,90
IM2 2DH,80,90
IM2 2DJ,80,90
IM2 2DL,80,90
IM2 2DN,80,90
IM2 2DP,80,90
IM2 2DQ,80,90
IM2 2EA,80,90
IM2 2EB,80,90
IM2 2ED,80,90
IM2 2EE,80,90
IM2 2EF,80,90
IM2 2EG,80,90
IM2 2EH,80,90
IM2 2EJ,80,90
IM2 2EL,80,90
IM2 2EN,80,90
IM2 2EP,80,90
IM2 2EQ,80,90
IM2 2ER,80,90
IM2 2ES,80,90
IM2 2ET,80,90
IM2 2EU,80,90
IM2 2EW,80,90
IM2 2EX,80,90
IM2 2EY,80,90
IM2 2EZ,80,90
IM2 2FA,80,90
IM2 2FB,80,90
IM2 2FD,80,90
IM2 2FE,80,90
IM2 2FF,80,90
IM2 2FG,80,90
IM2 2HA,80,90
IM2 2HB,80,90
IM2 2HD,80,90
IM2 2HE,80,90
IM2 2HF,80,90
IM2 2HG,80,90
IM2 2HH,80,90
IM2 2HJ,80,90
IM2 2HL,80,90
IM2 2HN,80,90
IM2 2HP,80,90
IM2 2HQ,80,90
IM2 2HR,80,90
IM2 2HS,80,90
IM2 2HT,80,90
IM2 2HU,80,90
IM2 2HW,80,90
IM2 2HX,80,90
IM2 2LA,80,90
IM2 2LB,80,90
IM2 2LD,80,90
IM2 2LE,80,90
IM2 2LF,80,90
IM2 2LG,80,90
IM2 2LH,80,90
IM2 2LJ,80,90
IM2 2LL,80,90
IM2 2LN,80,90
IM2 2LP,80,90
IM2 2LQ,80,90
IM2 2LR,80,90
IM2 2LS,80,90
IM2 2LT,80,90
IM2 2LU,80,90
IM2 2LW,80,90
IM2 2LX,80,90
IM2 2LY,80,90
IM2 2LZ,80,90
IM2 2NA,80,90
IM2 2NB,80,90
IM2 2ND,80,90
IM2 2NE,80,90
IM2 2NF,80,90
IM2 2NG,80,90
IM2 2NH,80,90
IM2 2NJ,80,90
IM2 2NL,80,90
IM2 2NN,80,90
IM2 2NP,80,90
IM2 2NQ,80,90
IM2 2NR,80,90
IM2 2NS,80,90
IM2 2NT,80,90
IM2 2NU,80,90
IM2 2NW,80,90
IM2 2NX,80,90
IM2 2NY,80,90
IM2 2NZ,80,90
IM2 2PA,80,90
IM2 2PB,80,90
IM2 2PD,80,90
IM2 2PE,80,90
IM2 2PF,80,90
IM2 2PG,80,90
IM2 2QA,80,90
IM2 2QB,80,90
IM2 2QD,80,90
IM2 2QE,80,90
IM2 2QF,80,90
IM2 2QG,80,90
IM2 2QH,80,90
IM2 2QJ,80,90
IM2 2QQ,80,90
IM2 2QR,80,90
IM2 2QS,80,90
IM2 2QT,80,90
IM2 2QU,80,90
IM2 2QW,80,90
IM2 2QX,80,90
IM2 2QY,80,90
IM2 2QZ,80,90
IM2 2RA,80,90
IM2 2RB,80,90
IM2 2RD,80,90
IM2 2RE,80,90
IM2 2SA,80,90
IM2 2SE,80,90
IM2 2SP,80,90
IM2 2SR,80,90
IM2 2ST,80,90
IM2 3AB,80,90
IM2 3AD,80,90
IM2 3AE,80,90
IM2 3AF,80,90
IM2 3AG,80,90
IM2 3AH,80,90
IM2 3AJ,80,90
IM2 3AL,80,90
IM2 3AN,80,90
IM2 3AP,80,90
IM2 3AQ,80,90
IM2 3AR,80,90
IM2 3AS,80,90
IM2 3AT,80,90
IM2 3AU,80,90
IM2 3AW,80,90
IM2 3AX,80,90
IM2 3AY,80,90
IM2 3AZ,80,90
IM2 3BA,80,90
IM2 3BB,80,90
IM2 3BD,80,90
IM2 3BE,80,90
IM2 3BF,80,90
IM2 3BG,80,90
IM2 3BH,80,90
IM2 3BJ,80,90
IM2 3BL,80,90
IM2 3BN,80,90
IM2 3BP,80,90
IM2 3BQ,80,90
IM2 3BR,80,90
IM2 3BS,80,90
IM2 3BT,80,90
IM2 3BU,80,90
IM2 3BW,80,90
IM2 3BX,80,90
IM2 3BY,80,90
IM2 3BZ,80,90
IM2 3EA,80,90
IM2 3EB,80,90
IM2 3ED,80,90
IM2 3EE,80,90
IM2 3EF,80,90
IM2 3EG,80,90
IM2 3EH,80,90
IM2 3EJ,80,90
IM2 3EL,80,90
IM2 3EN,80,90
IM2 3EP,80,90
IM2 3EQ,80,90
IM2 3ER,80,90
IM2 3ES,80,90
IM2 3ET,80,90
IM2 3EU,80,90
IM2 3EW,80,90
IM2 3EX,80,90
IM2 3EY,80,90
IM2 3EZ,80,90
IM2 3FA,80,90
IM2 3GA,80,90
IM2 3HA,80,90
IM2 3HB,80,90
IM2 3HD,80,90
IM2 3HE,80,90
IM2 3HF,80,90
IM2 3HG,80,90
IM2 3HH,80,90
IM2 3HJ,80,90
IM2 3HL,80,90
IM2 3HN,80,90
IM2 3HP,80,90
IM2 3HQ,80,90
IM2 3HR,80,90
IM2 3HS,80,90
IM2 3HT,80,90
IM2 3HU,80,90
IM2 3HW,80,90
IM2 3HX,80,90
IM2 3HY,80,90
IM2 3HZ,80,90
IM2 3JA,80,90
IM2 3JB,80,90
IM2 3LA,80,90
IM2 3LB,80,90
IM2 3LD,80,90
IM2 3LE,80,90
IM2 3LF,80,90
IM2 3LG,80,90
IM2 3LH,80,90
IM2 3LJ,80,90
IM2 3LL,80,90
IM2 3LN,80,90
IM2 3LP,80,90
IM2 3LQ,80,90
IM2 3LR,80,90
IM2 3LS,80,90
IM2 3LT,80,90
IM2 3LU,80,90
IM2 3LW,80,90
IM2 3LX,80,90
IM2 3LY,80,90
IM2 3LZ,80,90
IM2 3NA,80,90
IM2 3NB,80,90
IM2 3ND,80,90
IM2 3NE,80,90
IM2 3NF,80,90
IM2 3NG,80,90
IM2 3NH,80,90
IM2 3NJ,80,90
IM2 3NL,80,90
IM2 3NN,80,90
IM2 3NP,80,90
IM2 3NQ,80,90
IM2 3NR,80,90
IM2 3NS,80,90
IM2 3NT,80,90
IM2 3NW,80,90
IM2 3QA,80,90
IM2 3QB,80,90
IM2 3QD,80,90
IM2 3QE,80,90
IM2 3QF,80,90
IM2 3QG,80,90
IM2 3QH,80,90
IM2 3QJ,80,90
IM2 3QL,80,90
IM2 3QN,80,90
IM2 3QP,80,90
IM2 3QQ,80,90
IM2 3QR,80,90
IM2 3QS,80,90
IM2 3QT,80,90
IM2 3QU,80,90
IM2 3QW,80,90
IM2 3QX,80,90
IM2 3QY,80,90
IM2 3QZ,80,90
IM2 3RA,80,90
IM2 3RB,80,90
IM2 3RD,80,90
IM2 3RE,80,90
IM2 3RF,80,90
IM2 3RG,80,90
IM2 3RH,80,90
IM2 3RJ,80,90
IM2 3RL,80,90
IM2 3RN,80,90
IM2 3RQ,80,90
IM2 3TA,80,90
IM2 3TD,80,90
IM2 4AA,80,90
IM2 4AB,80,90
IM2 4AD,80,90
IM2 4AE,80,90
IM2 4AF,80,90
IM2 4AG,80,90
IM2 4AH,80,90
IM2 4AJ,80,90
IM2 4AL,80,90
IM2 4AN,80,90
IM2 4AP,80,90
IM2 4AQ,80,90
IM2 4AR,80,90
IM2 4AS,80,90
IM2 4AT,80,90
IM2 4AU,80,90
IM2 4AW,80,90
IM2 4AX,80,90
IM2 4AY,80,90
IM2 4AZ,80,90
IM2 4BA,80,90
IM2 4BB,80,90
IM2 4BD,80,90
IM2 4BE,80,90
IM2 4BF,80,90
IM2 4BG,80,90
IM2 4BH,80,90
IM2 4BJ,80,90
IM2 4BL,80,90
IM2 4BN,80,90
IM2 4BP,80,90
IM2 4BQ,80,90
IM2 4BR,80,90
IM2 4BS,80,90
IM2 4BT,80,90
IM2 4BU,80,90
IM2 4BW,80,90
IM2 4BX,80,90
IM2 4BY,80,90
IM2 4DF,80,90
IM2 4EA,80,90
IM2 4EB,80,90
IM2 4ED,80,90
IM2 4EE,80,90
IM2 4EF,80,90
IM2 4EG,80,90
IM2 4EH,80,90
IM2 4EL,80,90
IM2 4EN,80,90
IM2 4EP,80,90
IM2 4EQ,80,90
IM2 4ER,80,90
IM2 4ES,80,90
IM2 4ET,80,90
IM2 4EU,80,90
IM2 4EW,80,90
IM2 4EX,80,90
IM2 4EY,80,90
IM2 4EZ,80,90
IM2 4HA,80,90
IM2 4HB,80,90
IM2 4HD,80,90
IM2 4HE,80,90
IM2 4HF,80,90
IM2 4HG,80,90
IM2 4HH,80,90
IM2 4HJ,80,90
IM2 4HL,80,90
IM2 4HN,80,90
IM2 4HP,80,90
IM2 4HQ,80,90
IM2 4HR,80,90
IM2 4HS,80,90
IM2 4HT,80,90
IM2 4HU,80,90
IM2 4HW,80,90
IM2 4HX,80,90
IM2 4HY,80,90
IM2 4HZ,80,90
IM2 4JA,80,90
IM2 4JB,80,90
IM2 4JD,80,90
IM2 4JL,80,90
IM2 4LA,80,90
IM2 4LB,80,90
IM2 4LD,80,90
IM2 4LE,80,90
IM2 4LF,80,90
IM2 4LG,80,90
IM2 4LH,80,90
IM2 4LJ,80,90
IM2 4LL,80,90
IM2 4LN,80,90
IM2 4LP,80,90
IM2 4LQ,80,90
IM2 4LR,80,90
IM2 4LS,80,90
IM2 4LT,80,90
IM2 4LU,80,90
IM2 4LW,80,90
IM2 4LX,80,90
IM2 4LY,80,90
IM2 4LZ,80,90
IM2 4NA,80,90
IM2 4NB,80,90
IM2 4ND,80,90
IM2 4NE,80,90
IM2 4NF,80,90
IM2 4NG,80,90
IM2 4NH,80,90
IM2 4NJ,80,90
IM2 4NL,80,90
IM2 4NN,80,90
IM2 4NP,80,90
IM2 4NQ,80,90
IM2 4NR,80,90
IM2 4NS,80,90
IM2 4NT,80,90
IM2 4NW,80,90
IM2 4NX,80,90
IM2 4NY,80,90
IM2 4NZ,80,90
IM2 4PA,80,90
IM2 4PB,80,90
IM2 4PD,80,90
IM2 4PE,80,90
IM2 4PF,80,90
IM2 4PG,80,90
IM2 4PH,80,90
IM2 4PJ,80,90
IM2 4PL,80,90
IM2 4PN,80,90
IM2 4PQ,80,90
IM2 4RA,80,90
IM2 4RB,80,90
IM2 4RD,80,90
IM2 4RE,80,90
IM2 4RF,80,90
IM2 4RG,80,90
IM2 4RH,80,90
IM2 4RJ,80,90
IM2 4RL,80,90
IM2 4RN,80,90
IM2 4RP,80,90
IM2 4RQ,80,90
IM2 4RW,80,90
IM2 4RX,80,90
IM2 4TB,80,90
IM2 4WD,80,90
IM2 5AB,80,90
IM2 5AD,80,90
IM2 5AE,80,90
IM2 5AF,80,90
IM2 5AG,80,90
IM2 5AH,80,90
IM2 5AJ,80,90
IM2 5AL,80,90
IM2 5AN,80,90
IM2 5AP,80,90
IM2 5AQ,80,90
IM2 5AR,80,90
IM2 5AS,80,90
IM2 5AT,80,90
IM2 5AU,80,90
IM2 5AW,80,90
IM2 5AX,80,90
IM2 5AY,80,90
IM2 5AZ,80,90
IM2 5BA,80,90
IM2 5BB,80,90
IM2 5BD,80,90
IM2 5BE,80,90
IM2 5BF,80,90
IM2 5BG,80,90
IM2 5BH,80,90
IM2 5BJ,80,90
IM2 5BL,80,90
IM2 5BN,80,90
IM2 5BP,80,90
IM2 5BQ,80,90
IM2 5BR,80,90
IM2 5BS,80,90
IM2 5BT,80,90
IM2 5BW,80,90
IM2 5DA,80,90
IM2 5DB,80,90
IM2 5DD,80,90
IM2 5DE,80,90
IM2 5DF,80,90
IM2 5DG,80,90
IM2 5DH,80,90
IM2 5EA,80,90
IM2 5EB,80,90
IM2 5ED,80,90
IM2 5EE,80,90
IM2 5EF,80,90
IM2 5EG,80,90
IM2 5EH,80,90
IM2 5EJ,80,90
IM2 5EL,80,90
IM2 5EN,80,90
IM2 5EP,80,90
IM2 5EQ,80,90
IM2 5ER,80,90
IM2 5ES,80,90
IM2 5ET,80,90
IM2 5EU,80,90
IM2 5EW,80,90
IM2 5EX,80,90
IM2 5EY,80,90
IM2 5EZ,80,90
IM2 5FB,80,90
IM2 5HA,80,90
IM2 5HB,80,90
IM2 5HD,80,90
IM2 5HE,80,90
IM2 5HF,80,90
IM2 5HJ,80,90
IM2 5HN,80,90
IM2 5HP,80,90
IM2 5HR,80,90
IM2 5HS,80,90
IM2 5HT,80,90
IM2 5HU,80,90
IM2 5HW,80,90
IM2 5HX,80,90
IM2 5HY,80,90
IM2 5HZ,80,90
IM2 5LA,80,90
IM2 5LB,80,90
IM2 5LD,80,90
IM2 5LE,80,90
IM2 5LF,80,90
IM2 5LG,80,90
IM2 5LH,80,90
IM2 5LJ,80,90
IM2 5LL,80,90
IM2 5LN,80,90
IM2 5LP,80,90
IM2 5LQ,80,90
IM2 5LR,80,90
IM2 5LS,80,90
IM2 5LT,80,90
IM2 5LU,80,90
IM2 5LW,80,90
IM2 5LX,80,90
IM2 5LY,80,90
IM2 5LZ,80,90
IM2 5NA,80,90
IM2 5NB,80,90
IM2 5ND,80,90
IM2 5NE,80,90
IM2 5NF,80,90
IM2 5NG,80,90
IM2 5NH,80,90
IM2 5NJ,80,90
IM2 5NL,80,90
IM2 5NN,80,90
IM2 5NP,80,90
IM2 5NQ,80,90
IM2 5NR,80,90
IM2 5NS,80,90
IM2 5NT,80,90
IM2 5NU,80,90
IM2 5NW,80,90
IM2 5PA,80,90
IM2 5PB,80,90
IM2 5PD,80,90
IM2 5PE,80,90
IM2 5PL,80,90
IM2 5PN,80,90
IM2 5PP,80,90
IM2 5PQ,80,90
IM2 5PR,80,90
IM2 5PS,80,90
IM2 5PT,80,90
IM2 5PW,80,90
IM2 5RA,80,90
IM2 5RB,80,90
IM2 6AB,80,90
IM2 6AD,80,90
IM2 6AE,80,90
IM2 6AF,80,90
IM2 6AG,80,90
IM2 6AH,80,90
IM2 6AJ,80,90
IM2 6AL,80,90
IM2 6AN,80,90
IM2 6AP,80,90
IM2 6AQ,80,90
IM2 6AR,80,90
IM2 6AS,80,90
IM2 6AT,80,90
IM2 6AU,80,90
IM2 6AW,80,90
IM2 6AX,80,90
IM2 6AY,80,90
IM2 6AZ,80,90
IM2 6BA,80,90
IM2 6BB,80,90
IM2 6BD,80,90
IM2 6BE,80,90
IM2 6BF,80,90
IM2 6BG,80,90
IM2 6BH,80,90
IM2 6BJ,80,90
IM2 6BN,80,90
IM2 6DA,80,90
IM2 6DB,80,90
IM2 6DD,80,90
IM2 6DE,80,90
IM2 6DF,80,90
IM2 6DG,80,90
IM2 6EA,80,90
IM2 6EB,80,90
IM2 6ED,80,90
IM2 6EE,80,90
IM2 6EF,80,90
IM2 6EG,80,90
IM2 6EH,80,90
IM2 6EJ,80,90
IM2 6EL,80,90
IM2 6EN,80,90
IM2 6EP,80,90
IM2 6EQ,80,90
IM2 6ER,80,90
IM2 6ES,80,90
IM2 6ET,80,90
IM2 6EU,80,90
IM2 6EW,80,90
IM2 6EX,80,90
IM2 6EY,80,90
IM2 6EZ,80,90
IM2 6HA,80,90
IM2 6HB,80,90
IM2 6HD,80,90
IM2 6HE,80,90
IM2 6HF,80,90
IM2 6HG,80,90
IM2 6HH,80,90
IM2 6HJ,80,90
IM2 6HL,80,90
IM2 6HN,80,90
IM2 6HP,80,90
IM2 6HQ,80,90
IM2 6HR,80,90
IM2 6HS,80,90
IM2 6HT,80,90
IM2 6HU,80,90
IM2 6HW,80,90
IM2 6HY,80,90
IM2 6HZ,80,90
IM2 6JA,80,90
IM2 6JB,80,90
IM2 6JD,80,90
IM2 6JE,80,90
IM2 6JF,80,90
IM2 6JG,80,90
IM2 6JH,80,90
IM2 6JZ,80,90
IM2 6LA,80,90
IM2 6LB,80,90
IM2 6LD,80,90
IM2 6LE,80,90
IM2 6LF,80,90
IM2 6LG,80,90
IM2 6LH,80,90
IM2 6LJ,80,90
IM2 6LL,80,90
IM2 6LN,80,90
IM2 6LP,80,90
IM2 6LQ,80,90
IM2 6LR,80,90
IM2 6LS,80,90
IM2 6LT,80,90
IM2 6LU,80,90
IM2 6LW,80,90
IM2 6LX,80,90
IM2 6LY,80,90
IM2 6LZ,80,90
IM2 6NA,80,90
IM2 6NB,80,90
IM2 6ND,80,90
IM2 6NE,80,90
IM2 6NF,80,90
IM2 6NG,80,90
IM2 6NH,80,90
IM2 6NJ,80,90
IM2 6NL,80,90
IM2 6NN,80,90
IM2 6NP,80,90
IM2 6NQ,80,90
IM2 6NR,80,90
IM2 6NS,80,90
IM2 6NT,80,90
IM2 6NU,80,90
IM2 6NW,80,90
IM2 6NX,80,90
IM2 6NY,80,90
IM2 6NZ,80,90
IM2 6PA,80,90
IM2 6PB,80,90
IM2 6PD,80,90
IM2 6PE,80,90
IM2 6PF,80,90
IM2 6PG,80,90
IM2 6PH,80,90
IM2 6PJ,80,90
IM2 6PL,80,90
IM2 6PN,80,90
IM2 6PP,80,90
IM2 6PQ,80,90
IM2 6PR,80,90
IM2 6PS,80,90
IM2 6PT,80,90
IM2 6RA,80,90
IM2 6RB,80,90
IM2 6RD,80,90
IM2 6RE,80,90
IM2 7AB,80,90
IM2 7AD,80,90
IM2 7AE,80,90
IM2 7AF,80,90
IM2 7AG,80,90
IM2 7AH,80,90
IM2 7AJ,80,90
IM2 7AL,80,90
IM2 7AN,80,90
IM2 7AP,80,90
IM2 7AQ,80,90
IM2 7AR,80,90
IM2 7AS,80,90
IM2 7AT,80,90
IM2 7AU,80,90
IM2 7AW,80,90
IM2 7BA,80,90
IM2 7BB,80,90
IM2 7BD,80,90
IM2 7BE,80,90
IM2 7BF,80,90
IM2 7BG,80,90
IM2 7BH,80,90
IM2 7BJ,80,90
IM2 7BL,80,90
IM2 7BN,80,90
IM2 7BP,80,90
IM2 7BQ,80,90
IM2 7BR,80,90
IM2 7BS,80,90
IM2 7BT,80,90
IM2 7BU,80,90
IM2 7BW,80,90
IM2 7BX,80,90
IM2 7BY,80,90
IM2 7BZ,80,90
IM2 7DA,80,90
IM2 7DB,80,90
IM2 7DD,80,90
IM2 7DE,80,90
IM2 7DF,80,90
IM2 7DG,80,90
IM2 7DH,80,90
IM2 7DJ,80,90
IM2 7DL,80,90
IM2 7DN,80,90
IM2 7DP,80,90
IM2 7DQ,80,90
IM2 7DR,80,90
IM2 7DS,80,90
IM2 7DT,80,90
IM2 7DU,80,90
IM2 7DW,80,90
IM2 7DX,80,90
IM2 7DY,80,90
IM2 7DZ,80,90
IM2 7EA,80,90
IM2 7EB,80,90
IM2 7ED,80,90
IM2 7EE,80,90
IM2 7EF,80,90
IM2 7EG,80,90
IM2 7EH,80,90
IM2 7EJ,80,90
IM2 7EL,80,90
IM2 7EN,80,90
IM2 7EP,80,90
IM2 7EQ,80,90
IM2 7ER,80,90
IM2 7ES,80,90
IM2 7ET,80,90
IM2 7EU,80,90
IM2 7EW,80,90
IM2 7EX,80,90
IM2 7PA,80,90
IM2 7RA,80,90
IM3 1AB,80,90
IM3 1AD,80,90
IM3 1AE,80,90
IM3 1AF,80,90
IM3 1AG,80,90
IM3 1AH,80,90
IM3 1AJ,80,90
IM3 1AL,80,90
IM3 1AN,80,90
IM3 1AP,80,90
IM3 1AQ,80,90
IM3 1AR,80,90
IM3 1AS,80,90
IM3 1AT,80,90
IM3 1AU,80,90
IM3 1AW,80,90
IM3 1AX,80,90
IM3 1AY,80,90
IM3 1AZ,80,90
IM3 1BA,80,90
IM3 1BB,80,90
IM3 1BD,80,90
IM3 1BE,80,90
IM3 1BF,80,90
IM3 1BG,80,90
IM3 1BH,80,90
IM3 1BJ,80,90
IM3 1BL,80,90
IM3 1BN,80,90
IM3 1BP,80,90
IM3 1BQ,80,90
IM3 1BR,80,90
IM3 1BS,80,90
IM3 1BT,80,90
IM3 1BU,80,90
IM3 1BW,80,90
IM3 1DZ,80,90
IM3 1EA,80,90
IM3 1EB,80,90
IM3 1ED,80,90
IM3 1EE,80,90
IM3 1EF,80,90
IM3 1EG,80,90
IM3 1EH,80,90
IM3 1EJ,80,90
IM3 1EL,80,90
IM3 1EN,80,90
IM3 1EP,80,90
IM3 1EQ,80,90
IM3 1ER,80,90
IM3 1ES,80,90
IM3 1ET,80,90
IM3 1EU,80,90
IM3 1EW,80,90
IM3 1EX,80,90
IM3 1EY,80,90
IM3 1EZ,80,90
IM3 1HA,80,90
IM3 1HB,80,90
IM3 1HD,80,90
IM3 1HE,80,90
IM3 1HF,80,90
IM3 1HG,80,90
IM3 1HH,80,90
IM3 1HJ,80,90
IM3 1HL,80,90
IM3 1HN,80,90
IM3 1HP,80,90
IM3 1HQ,80,90
IM3 1HR,80,90
IM3 1HS,80,90
IM3 1HT,80,90
IM3 1HU,80,90
IM3 1HW,80,90
IM3 1HX,80,90
IM3 1HY,80,90
IM3 1JA,80,90
IM3 1LA,80,90
IM3 1LB,80,90
IM3 1LD,80,90
IM3 1LE,80,90
IM3 1LF,80,90
IM3 1LG,80,90
IM3 1LH,80,90
IM3 1LJ,80,90
IM3 1LL,80,90
IM3 1LN,80,90
IM3 1LP,80,90
IM3 1LQ,80,90
IM3 1LR,80,90
IM3 1LS,80,90
IM3 1LT,80,90
IM3 1LU,80,90
IM3 1LW,80,90
IM3 1LX,80,90
IM3 1LY,80,90
IM3 1LZ,80,90
IM3 1NA,80,90
IM3 1NB,80,90
IM3 1ND,80,90
IM3 1NE,80,90
IM3 1NF,80,90
IM3 1NG,80,90
IM3 1NH,80,90
IM3 1NJ,80,90
IM3 1NL,80,90
IM3 1NN,80,90
IM3 1NP,80,90
IM3 1NQ,80,90
IM3 1NR,80,90
IM3 1NS,80,90
IM3 1NT,80,90
IM3 1NW,80,90
IM3 1RB,80,90
IM3 1RD,80,90
IM3 1RR,80,90
IM3 1RS,80,90
IM3 1TA,80,90
IM3 1TB,80,90
IM3 2AB,80,90
IM3 2AD,80,90
IM3 2AE,80,90
IM3 2AF,80,90
IM3 2AG,80,90
IM3 2AH,80,90
IM3 2AJ,80,90
IM3 2AL,80,90
IM3 2AN,80,90
IM3 2AP,80,90
IM3 2AR,80,90
IM3 2AS,80,90
IM3 2AT,80,90
IM3 2AU,80,90
IM3 2AW,80,90
IM3 2AX,80,90
IM3 2AY,80,90
IM3 2AZ,80,90
IM3 2BA,80,90
IM3 2BB,80,90
IM3 2BD,80,90
IM3 2BE,80,90
IM3 2DA,80,90
IM3 2DB,80,90
IM3 2DD,80,90
IM3 2DE,80,90
IM3 2DF,80,90
IM3 2DG,80,90
IM3 2DH,80,90
IM3 2DJ,80,90
IM3 2DL,80,90
IM3 2DN,80,90
IM3 2DP,80,90
IM3 2DQ,80,90
IM3 2DR,80,90
IM3 2DS,80,90
IM3 2DT,80,90
IM3 2DU,80,90
IM3 2DW,80,90
IM3 2DX,80,90
IM3 2DY,80,90
IM3 2DZ,80,90
IM3 2EA,80,90
IM3 2EB,80,90
IM3 2ED,80,90
IM3 2EE,80,90
IM3 2EF,80,90
IM3 2EG,80,90
IM3 2EH,80,90
IM3 2EJ,80,90
IM3 2EL,80,90
IM3 2EN,80,90
IM3 2EP,80,90
IM3 2EQ,80,90
IM3 2ER,80,90
IM3 2ES,80,90
IM3 2ET,80,90
IM3 2EU,80,90
IM3 2EW,80,90
IM3 2EX,80,90
IM3 2EY,80,90
IM3 2EZ,80,90
IM3 2HA,80,90
IM3 2HZ,80,90
IM3 2JA,80,90
IM3 2JB,80,90
IM3 2JD,80,90
IM3 2JE,80,90
IM3 2JF,80,90
IM3 2JG,80,90
IM3 2JH,80,90
IM3 2JJ,80,90
IM3 2JL,80,90
IM3 2JN,80,90
IM3 2JP,80,90
IM3 2JQ,80,90
IM3 2JR,80,90
IM3 2JS,80,90
IM3 2JT,80,90
IM3 2JU,80,90
IM3 2JW,80,90
IM3 2JX,80,90
IM3 2JY,80,90
IM3 2JZ,80,90
IM3 3AB,80,90
IM3 3AD,80,90
IM3 3AE,80,90
IM3 3AF,80,90
IM3 3AG,80,90
IM3 3AH,80,90
IM3 3AJ,80,90
IM3 3AL,80,90
IM3 3AN,80,90
IM3 3AP,80,90
IM3 3AQ,80,90
IM3 3AR,80,90
IM3 3BA,80,90
IM3 3BB,80,90
IM3 3BD,80,90
IM3 3BE,80,90
IM3 3BF,80,90
IM3 3BG,80,90
IM3 3BH,80,90
IM3 3BJ,80,90
IM3 3BL,80,90
IM3 3BN,80,90
IM3 3BP,80,90
IM3 3BQ,80,90
IM3 3BR,80,90
IM3 3BS,80,90
IM3 3BT,80,90
IM3 3BU,80,90
IM3 3BW,80,90
IM3 3BX,80,90
IM3 3BY,80,90
IM3 3BZ,80,90
IM3 3DA,80,90
IM3 3DB,80,90
IM3 3DD,80,90
IM3 3DE,80,90
IM3 3DF,80,90
IM3 3DG,80,90
IM3 3DH,80,90
IM3 3DJ,80,90
IM3 3DL,80,90
IM3 3DQ,80,90
IM3 3GA,80,90
IM3 3GB,80,90
IM3 3GD,80,90
IM3 3GE,80,90
IM3 3HA,80,90
IM3 3HB,80,90
IM3 3HD,80,90
IM3 3HE,80,90
IM3 3HF,80,90
IM3 3HG,80,90
IM3 3HH,80,90
IM3 3HJ,80,90
IM3 3HL,80,90
IM3 3HN,80,90
IM3 3HP,80,90
IM3 3HQ,80,90
IM3 3HR,80,90
IM3 3HS,80,90
IM3 3HT,80,90
IM3 3HU,80,90
IM3 3HW,80,90
IM3 3HX,80,90
IM3 3HY,80,90
IM3 3HZ,80,90
IM3 3JA,80,90
IM3 3JB,80,90
IM3 3JD,80,90
IM3 3JE,80,90
IM3 3JF,80,90
IM3 3JG,80,90
IM3 3JH,80,90
IM3 3JJ,80,90
IM3 3JL,80,90
IM3 3JN,80,90
IM3 3JP,80,90
IM3 3JQ,80,90
IM3 3JR,80,90
IM3 3JS,80,90
IM3 3JT,80,90
IM3 3LA,80,90
IM3 3TD,80,90
IM3 4AA,80,90
IM3 4AB,80,90
IM3 4AD,80,90
IM3 4AE,80,90
IM3 4AF,80,90
IM3 4AG,80,90
IM3 4AH,80,90
IM3 4AJ,80,90
IM3 4AL,80,90
IM3 4AN,80,90
IM3 4AP,80,90
IM3 4AQ,80,90
IM3 4AR,80,90
IM3 4AS,80,90
IM3 4AT,80,90
IM3 4AU,80,90
IM3 4AW,80,90
IM3 4AX,80,90
IM3 4AY,80,90
IM3 4AZ,80,90
IM3 4BA,80,90
IM3 4BB,80,90
IM3 4BD,80,90
IM3 4BE,80,90
IM3 4BF,80,90
IM3 4BG,80,90
IM3 4BH,80,90
IM3 4BJ,80,90
IM3 4BL,80,90
IM3 4BN,80,90
IM3 4BP,80,90
IM3 4BQ,80,90
IM3 4BR,80,90
IM3 4BS,80,90
IM3 4BT,80,90
IM3 4BU,80,90
IM3 4BW,80,90
IM3 4EA,80,90
IM3 4EB,80,90
IM3 4ED,80,90
IM3 4EF,80,90
IM3 4EG,80,90
IM3 4EH,80,90
IM3 4EJ,80,90
IM3 4EL,80,90
IM3 4EN,80,90
IM3 4EP,80,90
IM3 4EQ,80,90
IM3 4ES,80,90
IM3 4ET,80,90
IM3 4EU,80,90
IM3 4EW,80,90
IM3 4EX,80,90
IM3 4EY,80,90
IM3 4EZ,80,90
IM3 4HA,80,90
IM3 4HB,80,90
IM3 4HD,80,90
IM3 4HE,80,90
IM3 4HF,80,90
IM3 4HG,80,90
IM3 4HH,80,90
IM3 4HJ,80,90
IM3 4HL,80,90
IM3 4HN,80,90
IM3 4HP,80,90
IM3 4HQ,80,90
IM3 4HR,80,90
IM3 4HS,80,90
IM3 4LA,80,90
IM3 4LB,80,90
IM3 4LD,80,90
IM3 4LE,80,90
IM3 4LF,80,90
IM3 4LG,80,90
IM3 4LH,80,90
IM3 4LJ,80,90
IM3 4LN,80,90
IM3 4LP,80,90
IM3 4LQ,80,90
IM3 4LR,80,90
IM3 4LS,80,90
IM3 4LT,80,90
IM3 4LU,80,90
IM3 4LW,80,90
IM3 4LX,80,90
IM3 4LY,80,90
IM3 4LZ,80,90
IM3 4NA,80,90
IM3 4NB,80,90
IM3 4ND,80,90
IM3 4NE,80,90
IM3 4NF,80,90
IM3 4NG,80,90
IM3 4NH,80,90
IM3 4NJ,80,90
IM3 4NL,80,90
IM3 4NN,80,90
IM3 4NP,80,90
IM3 4NQ,80,90
IM3 4NR,80,90
IM3 4NS,80,90
IM3 4NT,80,90
IM3 4NU,80,90
IM3 4NW,80,90
IM3 4NX,80,90
IM3 4NY,80,90
IM3 4PA,80,90
IM3 4PB,80,90
IM3 4PD,80,90
IM3 4PE,80,90
IM3 4PR,80,90
IM3 4RA,80,90
IM3 4RB,80,90
IM4 1AB,80,90
IM4 1AD,80,90
IM4 1AE,80,90
IM4 1AF,80,90
IM4 1AG,80,90
IM4 1AH,80,90
IM4 1AJ,80,90
IM4 1AL,80,90
IM4 1AN,80,90
IM4 1AP,80,90
IM4 1AQ,80,90
IM4 1AR,80,90
IM4 1AS,80,90
IM4 1AT,80,90
IM4 1AU,80,90
IM4 1AW,80,90
IM4 1AY,80,90
IM4 1AZ,80,90
IM4 1BA,80,90
IM4 1BB,80,90
IM4 1BD,80,90
IM4 1BE,80,90
IM4 1BF,80,90
IM4 1BG,80,90
IM4 1BH,80,90
IM4 1BJ,80,90
IM4 1EA,80,90
IM4 1EB,80,90
IM4 1ED,80,90
IM4 1EE,80,90
IM4 1EF,80,90
IM4 1EG,80,90
IM4 1EH,80,90
IM4 1EJ,80,90
IM4 1EN,80,90
IM4 1EP,80,90
IM4 1ER,80,90
IM4 1ES,80,90
IM4 1ET,80,90
IM4 1EU,80,90
IM4 1EW,80,90
IM4 1EX,80,90
IM4 1EY,80,90
IM4 1EZ,80,90
IM4 1HA,80,90
IM4 1HB,80,90
IM4 1HD,80,90
IM4 1HE,80,90
IM4 1HF,80,90
IM4 1HG,80,90
IM4 1HH,80,90
IM4 1HJ,80,90
IM4 1HL,80,90
IM4 1HN,80,90
IM4 1HP,80,90
IM4 1HQ,80,90
IM4 1HR,80,90
IM4 1HS,80,90
IM4 1HT,80,90
IM4 1HU,80,90
IM4 1HW,80,90
IM4 1HX,80,90
IM4 1HY,80,90
IM4 1HZ,80,90
IM4 1JA,80,90
IM4 1JB,80,90
IM4 1JD,80,90
IM4 1JE,80,90
IM4 1JF,80,90
IM4 1JG,80,90
IM4 1JH,80,90
IM4 1JJ,80,90
IM4 1JL,80,90
IM4 1JQ,80,90
IM4 2AA,80,90
IM4 2AB,80,90
IM4 2AD,80,90
IM4 2AE,80,90
IM4 2AF,80,90
IM4 2AG,80,90
IM4 2AH,80,90
IM4 2AJ,80,90
IM4 2AL,80,90
IM4 2AN,80,90
IM4 2AP,80,90
IM4 2AQ,80,90
IM4 2AR,80,90
IM4 2AS,80,90
IM4 2AT,80,90
IM4 2AU,80,90
IM4 2AW,80,90
IM4 2AX,80,90
IM4 2AY,80,90
IM4 2AZ,80,90
IM4 2DA,80,90
IM4 2DB,80,90
IM4 2DD,80,90
IM4 2DE,80,90
IM4 2DF,80,90
IM4 2DG,80,90
IM4 2DH,80,90
IM4 2DJ,80,90
IM4 2DL,80,90
IM4 2DN,80,90
IM4 2DP,80,90
IM4 2DQ,80,90
IM4 2DR,80,90
IM4 2DS,80,90
IM4 2DT,80,90
IM4 2DU,80,90
IM4 2DW,80,90
IM4 2DX,80,90
IM4 2DY,80,90
IM4 2EA,80,90
IM4 2EB,80,90
IM4 2ED,80,90
IM4 2EE,80,90
IM4 2EF,80,90
IM4 2GY,80,90
IM4 2GZ,80,90
IM4 2HA,80,90
IM4 2HB,80,90
IM4 2HD,80,90
IM4 2HE,80,90
IM4 2HF,80,90
IM4 2HG,80,90
IM4 2HH,80,90
IM4 2HJ,80,90
IM4 2HL,80,90
IM4 2HN,80,90
IM4 2HP,80,90
IM4 2HQ,80,90
IM4 2HR,80,90
IM4 2HS,80,90
IM4 2HT,80,90
IM4 2HU,80,90
IM4 2HW,80,90
IM4 2HX,80,90
IM4 2HY,80,90
IM4 2HZ,80,90
IM4 2JA,80,90
IM4 2JB,80,90
IM4 2JD,80,90
IM4 2JE,80,90
IM4 2JF,80,90
IM4 2JG,80,90
IM4 2JH,80,90
IM4 2JJ,80,90
IM4 2JL,80,90
IM4 2JN,80,90
IM4 2QP,80,90
IM4 3AB,80,90
IM4 3AD,80,90
IM4 3AE,80,90
IM4 3AF,80,90
IM4 3AG,80,90
IM4 3AH,80,90
IM4 3AJ,80,90
IM4 3AL,80,90
IM4 3AN,80,90
IM4 3AP,80,90
IM4 3AQ,80,90
IM4 3AR,80,90
IM4 3AS,80,90
IM4 3AT,80,90
IM4 3AU,80,90
IM4 3AW,80,90
IM4 3AX,80,90
IM4 3AY,80,90
IM4 3AZ,80,90
IM4 3BA,80,90
IM4 3BB,80,90
IM4 3BD,80,90
IM4 3BE,80,90
IM4 3BF,80,90
IM4 3BG,80,90
IM4 3BH,80,90
IM4 3BJ,80,90
IM4 3BL,80,90
IM4 3BN,80,90
IM4 3BP,80,90
IM4 3BQ,80,90
IM4 3BR,80,90
IM4 3EA,80,90
IM4 3EB,80,90
IM4 3ED,80,90
IM4 3EE,80,90
IM4 3EF,80,90
IM4 3EG,80,90
IM4 3EH,80,90
IM4 3EJ,80,90
IM4 3EL,80,90
IM4 3EN,80,90
IM4 3EP,80,90
IM4 3EQ,80,90
IM4 3ER,80,90
IM4 3ES,80,90
IM4 3ET,80,90
IM4 3EU,80,90
IM4 3EW,80,90
IM4 3EX,80,90
IM4 3EY,80,90
IM4 3EZ,80,90
IM4 3FA,80,90
IM4 3FB,80,90
IM4 3HA,80,90
IM4 3HB,80,90
IM4 3HD,80,90
IM4 3HE,80,90
IM4 3HF,80,90
IM4 3HG,80,90
IM4 3HH,80,90
IM4 3HJ,80,90
IM4 3HL,80,90
IM4 3HN,80,90
IM4 3HP,80,90
IM4 3HQ,80,90
IM4 3HR,80,90
IM4 3HS,80,90
IM4 3HT,80,90
IM4 3HU,80,90
IM4 3HW,80,90
IM4 3HX,80,90
IM4 3HY,80,90
IM4 3HZ,80,90
IM4 3JA,80,90
IM4 3JB,80,90
IM4 3JD,80,90
IM4 3JE,80,90
IM4 3JF,80,90
IM4 3JG,80,90
IM4 3JH,80,90
IM4 3JJ,80,90
IM4 3JL,80,90
IM4 3JN,80,90
IM4 3JP,80,90
IM4 3JQ,80,90
IM4 3JR,80,90
IM4 3JS,80,90
IM4 3JT,80,90
IM4 3JU,80,90
IM4 3JW,80,90
IM4 3JX,80,90
IM4 3LA,80,90
IM4 3LB,80,90
IM4 3LD,80,90
IM4 3LE,80,90
IM4 3LF,80,90
IM4 3LG,80,90
IM4 3LH,80,90
IM4 3LJ,80,90
IM4 3LL,80,90
IM4 3LN,80,90
IM4 3LP,80,90
IM4 3LQ,80,90
IM4 3LR,80,90
IM4 3LS,80,90
IM4 3LT,80,90
IM4 3LU,80,90
IM4 3LW,80,90
IM4 3LX,80,90
IM4 3LY,80,90
IM4 3LZ,80,90
IM4 3NA,80,90
IM4 3NB,80,90
IM4 3ND,80,90
IM4 3NE,80,90
IM4 3NF,80,90
IM4 3NG,80,90
IM4 3NH,80,90
IM4 3NJ,80,90
IM4 3NL,80,90
IM4 3NN,80,90
IM4 3NP,80,90
IM4 3NQ,80,90
IM4 3NR,80,90
IM4 3NS,80,90
IM4 3RA,80,90
IM4 3RB,80,90
IM4 3RD,80,90
IM4 4AA,80,90
IM4 4AB,80,90
IM4 4AD,80,90
IM4 4AE,80,90
IM4 4AF,80,90
IM4 4AG,80,90
IM4 4AH,80,90
IM4 4AJ,80,90
IM4 4AL,80,90
IM4 4AN,80,90
IM4 4AP,80,90
IM4 4AQ,80,90
IM4 4AR,80,90
IM4 4AS,80,90
IM4 4AT,80,90
IM4 4AU,80,90
IM4 4AW,80,90
IM4 4AX,80,90
IM4 4AY,80,90
IM4 4AZ,80,90
IM4 4BA,80,90
IM4 4BB,80,90
IM4 4BD,80,90
IM4 4BE,80,90
IM4 4BF,80,90
IM4 4BG,80,90
IM4 4BH,80,90
IM4 4BJ,80,90
IM4 4BL,80,90
IM4 4BN,80,90
IM4 4BP,80,90
IM4 4BQ,80,90
IM4 4BR,80,90
IM4 4BS,80,90
IM4 4BT,80,90
IM4 4BU,80,90
IM4 4BW,80,90
IM4 4BX,80,90
IM4 4BY,80,90
IM4 4BZ,80,90
IM4 4DA,80,90
IM4 4DB,80,90
IM4 4DD,80,90
IM4 4DZ,80,90
IM4 4EA,80,90
IM4 4EB,80,90
IM4 4ED,80,90
IM4 4EE,80,90
IM4 4EF,80,90
IM4 4EG,80,90
IM4 4EH,80,90
IM4 4EJ,80,90
IM4 4EL,80,90
IM4 4EN,80,90
IM4 4EP,80,90
IM4 4EQ,80,90
IM4 4ER,80,90
IM4 4ES,80,90
IM4 4ET,80,90
IM4 4EU,80,90
IM4 4EW,80,90
IM4 4EX,80,90
IM4 4EY,80,90
IM4 4EZ,80,90
IM4 4FA,80,90
IM4 4FB,80,90
IM4 4FD,80,90
IM4 4FE,80,90
IM4 4FF,80,90
IM4 4FG,80,90
IM4 4FH,80,90
IM4 4FJ,80,90
IM4 4FL,80,90
IM4 4FN,80,90
IM4 4HA,80,90
IM4 4HB,80,90
IM4 4HD,80,90
IM4 4HE,80,90
IM4 4HF,80,90
IM4 4HG,80,90
IM4 4HH,80,90
IM4 4HJ,80,90
IM4 4HL,80,90
IM4 4HN,80,90
IM4 4HP,80,90
IM4 4HQ,80,90
IM4 4HR,80,90
IM4 4HS,80,90
IM4 4HT,80,90
IM4 4HU,80,90
IM4 4HW,80,90
IM4 4HX,80,90
IM4 4HY,80,90
IM4 4HZ,80,90
IM4 4JA,80,90
IM4 4JY,80,90
IM4 4JZ,80,90
IM4 4LA,80,90
IM4 4LB,80,90
IM4 4LD,80,90
IM4 4LE,80,90
IM4 4LF,80,90
IM4 4LG,80,90
IM4 4LH,80,90
IM4 4LJ,80,90
IM4 4LL,80,90
IM4 4LN,80,90
IM4 4LP,80,90
IM4 4LQ,80,90
IM4 4LR,80,90
IM4 4LS,80,90
IM4 4LT,80,90
IM4 4LU,80,90
IM4 4LW,80,90
IM4 4LX,80,90
IM4 4LY,80,90
IM4 4LZ,80,90
IM4 4NA,80,90
IM4 4NB,80,90
IM4 4ND,80,90
IM4 4NE,80,90
IM4 4NF,80,90
IM4 4NG,80,90
IM4 4NH,80,90
IM4 4NJ,80,90
IM4 4NL,80,90
IM4 4NN,80,90
IM4 4NP,80,90
IM4 4NQ,80,90
IM4 4NR,80,90
IM4 4NS,80,90
IM4 4NT,80,90
IM4 4NU,80,90
IM4 4NW,80,90
IM4 4NX,80,90
IM4 4NY,80,90
IM4 4NZ,80,90
IM4 4PA,80,90
IM4 4PB,80,90
IM4 4PD,80,90
IM4 4PE,80,90
IM4 4PF,80,90
IM4 4PZ,80,90
IM4 4QA,80,90
IM4 4QB,80,90
IM4 4QD,80,90
IM4 4QE,80,90
IM4 4QF,80,90
IM4 4QG,80,90
IM4 4QH,80,90
IM4 4QJ,80,90
IM4 4QL,80,90
IM4 4QN,80,90
IM4 4QP,80,90
IM4 4QQ,80,90
IM4 4QR,80,90
IM4 4QS,80,90
IM4 4QT,80,90
IM4 4QU,80,90
IM4 4QW,80,90
IM4 4QX,80,90
IM4 4QY,80,90
IM4 4QZ,80,90
IM4 4RA,80,90
IM4 4RB,80,90
IM4 4RD,80,90
IM4 4RE,80,90
IM4 4RF,80,90
IM4 4RG,80,90
IM4 4RH,80,90
IM4 4RJ,80,90
IM4 4RL,80,90
IM4 4RN,80,90
IM4 4RP,80,90
IM4 4RQ,80,90
IM4 4RR,80,90
IM4 4RS,80,90
IM4 4RT,80,90
IM4 4RU,80,90
IM4 4RW,80,90
IM4 4SB,80,90
IM4 4TA,80,90
IM4 4TB,80,90
IM4 4TD,80,90
IM4 4TE,80,90
IM4 4TF,80,90
IM4 4TG,80,90
IM4 4TH,80,90
IM4 4TJ,80,90
IM4 4TL,80,90
IM4 4TN,80,90
IM4 4TP,80,90
IM4 4TQ,80,90
IM4 4TR,80,90
IM4 4TS,80,90
IM4 4TT,80,90
IM4 4TW,80,90
IM4 5AB,80,90
IM4 5AD,80,90
IM4 5AE,80,90
IM4 5AF,80,90
IM4 5BA,80,90
IM4 5BB,80,90
IM4 5BD,80,90
IM4 5BE,80,90
IM4 5BF,80,90
IM4 5BG,80,90
IM4 5BH,80,90
IM4 5BJ,80,90
IM4 5BL,80,90
IM4 5BN,80,90
IM4 5BP,80,90
IM4 5BQ,80,90
IM4 5BR,80,90
IM4 5BS,80,90
IM4 5BT,80,90
IM4 5BU,80,90
IM4 5BW,80,90
IM4 5BX,80,90
IM4 5EA,80,90
IM4 5EB,80,90
IM4 5ED,80,90
IM4 5EE,80,90
IM4 5EF,80,90
IM4 5EG,80,90
IM4 5EH,80,90
IM4 5EJ,80,90
IM4 5EL,80,90
IM4 5EN,80,90
IM4 5EP,80,90
IM4 5EQ,80,90
IM4 5ER,80,90
IM4 5ES,80,90
IM4 5ET,80,90
IM4 5EU,80,90
IM4 5EW,80,90
IM4 5EX,80,90
IM4 5EY,80,90
IM4 5EZ,80,90
IM4 5HA,80,90
IM4 5HB,80,90
IM4 5HD,80,90
IM4 5HE,80,90
IM4 5HF,80,90
IM4 6AB,80,90
IM4 6AD,80,90
IM4 6AE,80,90
IM4 6AF,80,90
IM4 6AG,80,90
IM4 6AH,80,90
IM4 6AJ,80,90
IM4 6AL,80,90
IM4 6AN,80,90
IM4 6AP,80,90
IM4 6AQ,80,90
IM4 6AR,80,90
IM4 6AS,80,90
IM4 6AT,80,90
IM4 6AU,80,90
IM4 6AX,80,90
IM4 6DA,80,90
IM4 6DB,80,90
IM4 6DD,80,90
IM4 6DE,80,90
IM4 6DF,80,90
IM4 6DG,80,90
IM4 6DH,80,90
IM4 6DJ,80,90
IM4 6DL,80,90
IM4 6DN,80,90
IM4 6DP,80,90
IM4 6DQ,80,90
IM4 6DR,80,90
IM4 6DS,80,90
IM4 6DT,80,90
IM4 6DU,80,90
IM4 6DW,80,90
IM4 6DX,80,90
IM4 6DY,80,90
IM4 6DZ,80,90
IM4 6EA,80,90
IM4 6EB,80,90
IM4 6ED,80,90
IM4 6EE,80,90
IM4 6EF,80,90
IM4 6EG,80,90
IM4 6EH,80,90
IM4 6EJ,80,90
IM4 6EL,80,90
IM4 6EN,80,90
IM4 6EP,80,90
IM4 6ER,80,90
IM4 6ES,80,90
IM4 6ET,80,90
IM4 6HA,80,90
IM4 7AA,80,90
IM4 7AB,80,90
IM4 7AD,80,90
IM4 7AE,80,90
IM4 7AF,80,90
IM4 7AG,80,90
IM4 7AH,80,90
IM4 7AJ,80,90
IM4 7AL,80,90
IM4 7AN,80,90
IM4 7AP,80,90
IM4 7AQ,80,90
IM4 7AR,80,90
IM4 7AS,80,90
IM4 7AT,80,90
IM4 7AU,80,90
IM4 7AW,80,90
IM4 7AX,80,90
IM4 7AY,80,90
IM4 7AZ,80,90
IM4 7BA,80,90
IM4 7BB,80,90
IM4 7BD,80,90
IM4 7BE,80,90
IM4 7BF,80,90
IM4 7BG,80,90
IM4 7BH,80,90
IM4 7BJ,80,90
IM4 7BL,80,90
IM4 7BN,80,90
IM4 7BP,80,90
IM4 7BQ,80,90
IM4 7BR,80,90
IM4 7BS,80,90
IM4 7BT,80,90
IM4 7BU,80,90
IM4 7BW,80,90
IM4 7BX,80,90
IM4 7BY,80,90
IM4 7BZ,80,90
IM4 7DA,80,90
IM4 7DB,80,90
IM4 7DD,80,90
IM4 7DE,80,90
IM4 7DF,80,90
IM4 7DG,80,90
IM4 7DH,80,90
IM4 7DJ,80,90
IM4 7DL,80,90
IM4 7DN,80,90
IM4 7DP,80,90
IM4 7DQ,80,90
IM4 7DR,80,90
IM4 7DS,80,90
IM4 7DT,80,90
IM4 7DU,80,90
IM4 7DW,80,90
IM4 7DX,80,90
IM4 7DY,80,90
IM4 7DZ,80,90
IM4 7EA,80,90
IM4 7EB,80,90
IM4 7ED,80,90
IM4 7EE,80,90
IM4 7EF,80,90
IM4 7EG,80,90
IM4 7HB,80,90
IM4 7HD,80,90
IM4 7HE,80,90
IM4 7HF,80,90
IM4 7HG,80,90
IM4 7HH,80,90
IM4 7HJ,80,90
IM4 7HL,80,90
IM4 7HN,80,90
IM4 7HP,80,90
IM4 7HQ,80,90
IM4 7HR,80,90
IM4 7HS,80,90
IM4 7HT,80,90
IM4 7HU,80,90
IM4 7HW,80,90
IM4 7HX,80,90
IM4 7HY,80,90
IM4 7HZ,80,90
IM4 7JA,80,90
IM4 7JB,80,90
IM4 7JD,80,90
IM4 7JE,80,90
IM4 7JF,80,90
IM4 7JG,80,90
IM4 7JH,80,90
IM4 7JJ,80,90
IM4 7JL,80,90
IM4 7JN,80,90
IM4 7JP,80,90
IM4 7JQ,80,90
IM4 7JR,80,90
IM4 7JS,80,90
IM4 7JT,80,90
IM4 7JU,80,90
IM4 7JW,80,90
IM4 7JX,80,90
IM4 7JY,80,90
IM4 7LA,80,90
IM4 7LB,80,90
IM4 7LD,80,90
IM4 7LE,80,90
IM4 7LF,80,90
IM4 7LG,80,90
IM4 7NA,80,90
IM4 7NB,80,90
IM4 7ND,80,90
IM4 7NE,80,90
IM4 7NF,80,90
IM4 7NG,80,90
IM4 7NH,80,90
IM4 7NJ,80,90
IM4 7NL,80,90
IM4 7NN,80,90
IM4 7NP,80,90
IM4 7NQ,80,90
IM4 7NR,80,90
IM4 7NS,80,90
IM4 7NT,80,90
IM4 7NU,80,90
IM4 7NW,80,90
IM4 7NX,80,90
IM4 7NY,80,90
IM4 7NZ,80,90
IM4 7PA,80,90
IM4 7PB,80,90
IM4 7PD,80,90
IM4 7PE,80,90
IM4 7PF,80,90
IM4 7PG,80,90
IM4 7PH,80,90
IM4 7PJ,80,90
IM4 7PL,80,90
IM4 7PN,80,90
IM4 7PP,80,90
IM4 7PQ,80,90
IM4 7PR,80,90
IM4 7PS,80,90
IM4 7PT,80,90
IM4 7PU,80,90
IM4 7PW,80,90
IM4 7PX,80,90
IM4 7PY,80,90
IM4 7PZ,80,90
IM4 7QA,80,90
IM4 7QB,80,90
IM4 7QD,80,90
IM4 7QE,80,90
IM4 7QF,80,90
IM4 7QG,80,90
IM4 7QH,80,90
IM4 7QJ,80,90
IM4 7QL,80,90
IM4 7QN,80,90
IM4 7QP,80,90
IM4 7QQ,80,90
IM4 7QR,80,90
IM5 1AA,80,90
IM5 1AB,80,90
IM5 1AD,80,90
IM5 1AE,80,90
IM5 1AF,80,90
IM5 1AG,80,90
IM5 1AH,80,90
IM5 1AJ,80,90
IM5 1AL,80,90
IM5 1AN,80,90
IM5 1AP,80,90
IM5 1AQ,80,90
IM5 1AR,80,90
IM5 1AS,80,90
IM5 1AT,80,90
IM5 1AU,80,90
IM5 1AW,80,90
IM5 1AX,80,90
IM5 1AY,80,90
IM5 1AZ,80,90
IM5 1BA,80,90
IM5 1BB,80,90
IM5 1BD,80,90
IM5 1BE,80,90
IM5 1BF,80,90
IM5 1BG,80,90
IM5 1BH,80,90
IM5 1BJ,80,90
IM5 1BL,80,90
IM5 1BN,80,90
IM5 1BP,80,90
IM5 1BQ,80,90
IM5 1BR,80,90
IM5 1BS,80,90
IM5 1BT,80,90
IM5 1BU,80,90
IM5 1BW,80,90
IM5 1BX,80,90
IM5 1BY,80,90
IM5 1BZ,80,90
IM5 1DA,80,90
IM5 1DB,80,90
IM5 1DD,80,90
IM5 1DE,80,90
IM5 1DF,80,90
IM5 1DG,80,90
IM5 1DH,80,90
IM5 1DJ,80,90
IM5 1DL,80,90
IM5 1DN,80,90
IM5 1DP,80,90
IM5 1DQ,80,90
IM5 1DR,80,90
IM5 1DS,80,90
IM5 1DT,80,90
IM5 1DU,80,90
IM5 1DW,80,90
IM5 1DX,80,90
IM5 1DY,80,90
IM5 1DZ,80,90
IM5 1GA,80,90
IM5 1GB,80,90
IM5 1GD,80,90
IM5 1GE,80,90
IM5 1GF,80,90
IM5 1GG,80,90
IM5 1GH,80,90
IM5 1GJ,80,90
IM5 1GL,80,90
IM5 1GN,80,90
IM5 1GP,80,90
IM5 1GQ,80,90
IM5 1GR,80,90
IM5 1GS,80,90
IM5 1GT,80,90
IM5 1GU,80,90
IM5 1GW,80,90
IM5 1HA,80,90
IM5 1HB,80,90
IM5 1HD,80,90
IM5 1HE,80,90
IM5 1HF,80,90
IM5 1HG,80,90
IM5 1HH,80,90
IM5 1HJ,80,90
IM5 1HL,80,90
IM5 1HN,80,90
IM5 1HP,80,90
IM5 1HQ,80,90
IM5 1HR,80,90
IM5 1HS,80,90
IM5 1HT,80,90
IM5 1HU,80,90
IM5 1HW,80,90
IM5 1JA,80,90
IM5 1JB,80,90
IM5 1JD,80,90
IM5 1JE,80,90
IM5 1JF,80,90
IM5 1JG,80,90
IM5 1JH,80,90
IM5 1JJ,80,90
IM5 1JL,80,90
IM5 1JN,80,90
IM5 1JP,80,90
IM5 1JQ,80,90
IM5 1JR,80,90
IM5 1JS,80,90
IM5 1JT,80,90
IM5 1JU,80,90
IM5 1JW,80,90
IM5 1JX,80,90
IM5 1JY,80,90
IM5 1JZ,80,90
IM5 1LA,80,90
IM5 1LB,80,90
IM5 1LD,80,90
IM5 1LJ,80,90
IM5 1LN,80,90
IM5 1LP,80,90
IM5 1NA,80,90
IM5 1NB,80,90
IM5 1ND,80,90
IM5 1NE,80,90
IM5 1NF,80,90
IM5 1NG,80,90
IM5 1NH,80,90
IM5 1NJ,80,90
IM5 1NL,80,90
IM5 1NN,80,90
IM5 1NP,80,90
IM5 1NQ,80,90
IM5 1NR,80,90
IM5 1NS,80,90
IM5 1NT,80,90
IM5 1NU,80,90
IM5 1NW,80,90
IM5 1NX,80,90
IM5 1NY,80,90
IM5 1NZ,80,90
IM5 1PA,80,90
IM5 1PB,80,90
IM5 1PD,80,90
IM5 1PE,80,90
IM5 1PF,80,90
IM5 1PG,80,90
IM5 1PH,80,90
IM5 1PJ,80,90
IM5 1PL,80,90
IM5 1PN,80,90
IM5 1PP,80,90
IM5 1PQ,80,90
IM5 1PR,80,90
IM5 1PS,80,90
IM5 1PT,80,90
IM5 1PU,80,90
IM5 1PW,80,90
IM5 1PX,80,90
IM5 1PY,80,90
IM5 1PZ,80,90
IM5 1QA,80,90
IM5 1QB,80,90
IM5 1QD,80,90
IM5 1QE,80,90
IM5 1QF,80,90
IM5 1QG,80,90
IM5 1QH,80,90
IM5 1QN,80,90
IM5 1QP,80,90
IM5 1QQ,80,90
IM5 1QR,80,90
IM5 1QS,80,90
IM5 1QT,80,90
IM5 1QU,80,90
IM5 1QW,80,90
IM5 1QX,80,90
IM5 1QY,80,90
IM5 1QZ,80,90
IM5 1RB,80,90
IM5 1RD,80,90
IM5 1RE,80,90
IM5 1RF,80,90
IM5 1RG,80,90
IM5 1RH,80,90
IM5 1RJ,80,90
IM5 1RL,80,90
IM5 1RN,80,90
IM5 1RW,80,90
IM5 1SW,80,90
IM5 1TA,80,90
IM5 1TB,80,90
IM5 1TD,80,90
IM5 1TE,80,90
IM5 1TF,80,90
IM5 1TG,80,90
IM5 1UA,80,90
IM5 1UB,80,90
IM5 1UD,80,90
IM5 1UE,80,90
IM5 1UF,80,90
IM5 1UG,80,90
IM5 1UH,80,90
IM5 1UJ,80,90
IM5 1UL,80,90
IM5 1UN,80,90
IM5 1UP,80,90
IM5 1UQ,80,90
IM5 1UR,80,90
IM5 1US,80,90
IM5 1UT,80,90
IM5 1UU,80,90
IM5 1UW,80,90
IM5 1UX,80,90
IM5 1WA,80,90
IM5 1WB,80,90
IM5 1WD,80,90
IM5 1WE,80,90
IM5 1WF,80,90
IM5 1WG,80,90
IM5 1WH,80,90
IM5 1WJ,80,90
IM5 1WL,80,90
IM5 1WN,80,90
IM5 1WP,80,90
IM5 1WQ,80,90
IM5 1WR,80,90
IM5 1WS,80,90
IM5 1WT,80,90
IM5 1WU,80,90
IM5 1WW,80,90
IM5 1WX,80,90
IM5 1WY,80,90
IM5 1WZ,80,90
IM5 1XA,80,90
IM5 1XB,80,90
IM5 1XD,80,90
IM5 1XE,80,90
IM5 1XF,80,90
IM5 1XG,80,90
IM5 1XH,80,90
IM5 2AB,80,90
IM5 2AD,80,90
IM5 2AE,80,90
IM5 2AF,80,90
IM5 2AG,80,90
IM5 2AH,80,90
IM5 2AJ,80,90
IM5 2AL,80,90
IM5 2AN,80,90
IM5 2AP,80,90
IM5 2AQ,80,90
IM5 2AR,80,90
IM5 2AS,80,90
IM5 2RR,80,90
IM5 3AB,80,90
IM5 3AD,80,90
IM5 3AE,80,90
IM5 3AF,80,90
IM5 3AG,80,90
IM5 3AH,80,90
IM5 3AJ,80,90
IM5 3AL,80,90
IM5 3AN,80,90
IM5 3AP,80,90
IM5 3AQ,80,90
IM5 3AR,80,90
IM5 3AS,80,90
IM5 3AT,80,90
IM5 3AU,80,90
IM5 3AW,80,90
IM5 3AX,80,90
IM5 3AY,80,90
IM5 3AZ,80,90
IM5 3BA,80,90
IM5 3BB,80,90
IM5 3BD,80,90
IM5 3BE,80,90
IM5 3BF,80,90
IM5 3BG,80,90
IM5 3BH,80,90
IM5 3BJ,80,90
IM5 3BL,80,90
IM5 3BN,80,90
IM5 3BP,80,90
IM5 3BQ,80,90
IM5 3BR,80,90
IM5 3BS,80,90
IM5 3BT,80,90
IM5 3BU,80,90
IM5 3BW,80,90
IM5 3BX,80,90
IM5 3BY,80,90
IM5 3BZ,80,90
IM5 3DA,80,90
IM6 1AB,80,90
IM6 1AD,80,90
IM6 1AE,80,90
IM6 1AF,80,90
IM6 1AG,80,90
IM6 1AH,80,90
IM6 1AJ,80,90
IM6 1AL,80,90
IM6 1AN,80,90
IM6 1AP,80,90
IM6 1AQ,80,90
IM6 1AR,80,90
IM6 1AS,80,90
IM6 1AT,80,90
IM6 1AU,80,90
IM6 1AW,80,90
IM6 1AX,80,90
IM6 1AY,80,90
IM6 1AZ,80,90
IM6 1BA,80,90
IM6 1BB,80,90
IM6 1BD,80,90
IM6 1BE,80,90
IM6 1EA,80,90
IM6 1EB,80,90
IM6 1ED,80,90
IM6 1EE,80,90
IM6 1EF,80,90
IM6 1EG,80,90
IM6 1EH,80,90
IM6 1EJ,80,90
IM6 1EL,80,90
IM6 1EN,80,90
IM6 1EP,80,90
IM6 1EQ,80,90
IM6 1ER,80,90
IM6 1ES,80,90
IM6 1ET,80,90
IM6 1EU,80,90
IM6 1EW,80,90
IM6 1EX,80,90
IM6 1EY,80,90
IM6 1EZ,80,90
IM6 1FA,80,90
IM6 1HA,80,90
IM6 1HB,80,90
IM6 1HD,80,90
IM6 1HE,80,90
IM6 1HF,80,90
IM6 1HG,80,90
IM6 1HH,80,90
IM6 1HJ,80,90
IM6 1HL,80,90
IM6 1HN,80,90
IM6 1HP,80,90
IM6 1HQ,80,90
IM6 1HR,80,90
IM6 1HS,80,90
IM6 1HT,80,90
IM6 1HU,80,90
IM6 1HW,80,90
IM6 1HZ,80,90
IM6 1SS,80,90
IM6 2EY,80,90
IM6 2EZ,80,90
IM6 2HA,80,90
IM6 2HB,80,90
IM6 2HD,80,90
IM6 2HE,80,90
IM6 2HF,80,90
IM6 2HG,80,90
IM6 2HH,80,90
IM6 2HJ,80,90
IM6 2HL,80,90
IM6 2HN,80,90
IM6 2HP,80,90
IM6 2HR,80,90
IM6 2HS,80,90
IM6 2HT,80,90
IM6 2HU,80,90
IM6 2HW,80,90
IM7 1AB,80,90
IM7 1AD,80,90
IM7 1AF,80,90
IM7 1AG,80,90
IM7 1AH,80,90
IM7 1AJ,80,90
IM7 1AL,80,90
IM7 1AN,80,90
IM7 1AP,80,90
IM7 1AQ,80,90
IM7 1AR,80,90
IM7 1AS,80,90
IM7 1AT,80,90
IM7 1AU,80,90
IM7 1AW,80,90
IM7 1AX,80,90
IM7 1AY,80,90
IM7 1AZ,80,90
IM7 1BA,80,90
IM7 1BB,80,90
IM7 1BD,80,90
IM7 1BE,80,90
IM7 1BF,80,90
IM7 1BG,80,90
IM7 1BH,80,90
IM7 1BJ,80,90
IM7 1BL,80,90
IM7 1BN,80,90
IM7 1EA,80,90
IM7 1EB,80,90
IM7 1ED,80,90
IM7 1EE,80,90
IM7 1EF,80,90
IM7 1EG,80,90
IM7 1EH,80,90
IM7 1EJ,80,90
IM7 1EL,80,90
IM7 1EN,80,90
IM7 1EP,80,90
IM7 1EQ,80,90
IM7 1ER,80,90
IM7 1ES,80,90
IM7 1ET,80,90
IM7 1EU,80,90
IM7 1EW,80,90
IM7 1EX,80,90
IM7 1EY,80,90
IM7 1EZ,80,90
IM7 1HA,80,90
IM7 1HB,80,90
IM7 1HD,80,90
IM7 1HE,80,90
IM7 1HF,80,90
IM7 1HG,80,90
IM7 1HH,80,90
IM7 1HJ,80,90
IM7 1HL,80,90
IM7 1HN,80,90
IM7 1HP,80,90
IM7 1HQ,80,90
IM7 1HR,80,90
IM7 1HS,80,90
IM7 2AB,80,90
IM7 2AD,80,90
IM7 2AE,80,90
IM7 2AF,80,90
IM7 2AG,80,90
IM7 2AH,80,90
IM7 2AJ,80,90
IM7 2AL,80,90
IM7 2AN,80,90
IM7 2AP,80,90
IM7 2AQ,80,90
IM7 2AR,80,90
IM7 2AS,80,90
IM7 2AT,80,90
IM7 2AU,80,90
IM7 2AW,80,90
IM7 2AX,80,90
IM7 2AY,80,90
IM7 2AZ,80,90
IM7 2BA,80,90
IM7 2BB,80,90
IM7 2BD,80,90
IM7 2BE,80,90
IM7 2BF,80,90
IM7 2BH,80,90
IM7 2DZ,80,90
IM7 2EA,80,90
IM7 2EB,80,90
IM7 2ED,80,90
IM7 2EE,80,90
IM7 2EF,80,90
IM7 2EG,80,90
IM7 2EH,80,90
IM7 2EJ,80,90
IM7 2EL,80,90
IM7 2EN,80,90
IM7 2EP,80,90
IM7 2EQ,80,90
IM7 2ER,80,90
IM7 2ES,80,90
IM7 2ET,80,90
IM7 2EU,80,90
IM7 2EW,80,90
IM7 2EX,80,90
IM7 2EY,80,90
IM7 2EZ,80,90
IM7 2HA,80,90
IM7 2HB,80,90
IM7 2HD,80,90
IM7 2HE,80,90
IM7 2HF,80,90
IM7 2HG,80,90
IM7 2HH,80,90
IM7 2HJ,80,90
IM7 2HL,80,90
IM7 2HN,80,90
IM7 2HP,80,90
IM7 2HQ,80,90
IM7 2HR,80,90
IM7 2HS,80,90
IM7 2HT,80,90
IM7 2HU,80,90
IM7 3AB,80,90
IM7 3AD,80,90
IM7 3AE,80,90
IM7 3AF,80,90
IM7 3AG,80,90
IM7 3AH,80,90
IM7 3AJ,80,90
IM7 3AL,80,90
IM7 3AN,80,90
IM7 3AP,80,90
IM7 3AQ,80,90
IM7 3AR,80,90
IM7 3AS,80,90
IM7 3AT,80,90
IM7 3AU,80,90
IM7 3AW,80,90
IM7 3AX,80,90
IM7 3AY,80,90
IM7 3AZ,80,90
IM7 3BA,80,90
IM7 3BB,80,90
IM7 3BD,80,90
IM7 3BE,80,90
IM7 3BF,80,90
IM7 3BG,80,90
IM7 3BH,80,90
IM7 3BJ,80,90
IM7 3BL,80,90
IM7 3BN,80,90
IM7 3BP,80,90
IM7 3BQ,80,90
IM7 3BR,80,90
IM7 3BS,80,90
IM7 3BT,80,90
IM7 3BU,80,90
IM7 3BW,80,90
IM7 3BX,80,90
IM7 3BY,80,90
IM7 3BZ,80,90
IM7 3DA,80,90
IM7 3EA,80,90
IM7 3EB,80,90
IM7 3ED,80,90
IM7 3EE,80,90
IM7 3EF,80,90
IM7 3EG,80,90
IM7 3EH,80,90
IM7 3EJ,80,90
IM7 3EL,80,90
IM7 3EN,80,90
IM7 3EP,80,90
IM7 3EQ,80,90
IM7 3ER,80,90
IM7 3ES,80,90
IM7 3ET,80,90
IM7 3EU,80,90
IM7 3EW,80,90
IM7 3EX,80,90
IM7 3EY,80,90
IM7 3EZ,80,90
IM7 3HA,80,90
IM7 3HB,80,90
IM7 3HD,80,90
IM7 3HE,80,90
IM7 3HF,80,90
IM7 3HG,80,90
IM7 3HH,80,90
IM7 3HJ,80,90
IM7 3HL,80,90
IM7 3HN,80,90
IM7 3HP,80,90
IM7 3JP,80,90
IM7 4AB,80,90
IM7 4AD,80,90
IM7 4AE,80,90
IM7 4AF,80,90
IM7 4AG,80,90
IM7 4AH,80,90
IM7 4AJ,80,90
IM7 4AL,80,90
IM7 4AN,80,90
IM7 4AP,80,90
IM7 4AQ,80,90
IM7 4AR,80,90
IM7 4AS,80,90
IM7 4AT,80,90
IM7 4AU,80,90
IM7 4AW,80,90
IM7 4AX,80,90
IM7 4AY,80,90
IM7 4AZ,80,90
IM7 4BA,80,90
IM7 4BB,80,90
IM7 4BD,80,90
IM7 4BE,80,90
IM7 4BF,80,90
IM7 4BG,80,90
IM7 4BH,80,90
IM7 4BJ,80,90
IM7 4BL,80,90
IM7 4BN,80,90
IM7 4BP,80,90
IM7 4BQ,80,90
IM7 4BR,80,90
IM7 4BS,80,90
IM7 4EA,80,90
IM7 4EB,80,90
IM7 4ED,80,90
IM7 4EE,80,90
IM7 4EF,80,90
IM7 4EG,80,90
IM7 4EH,80,90
IM7 4EJ,80,90
IM7 4EL,80,90
IM7 4EN,80,90
IM7 4EP,80,90
IM7 4EQ,80,90
IM7 4ER,80,90
IM7 4ES,80,90
IM7 4ET,80,90
IM7 4EU,80,90
IM7 4EW,80,90
IM7 4EX,80,90
IM7 4EY,80,90
IM7 4EZ,80,90
IM7 4FA,80,90
IM7 4HA,80,90
IM7 4HB,80,90
IM7 4HD,80,90
IM7 4HE,80,90
IM7 4HF,80,90
IM7 4HG,80,90
IM7 4HH,80,90
IM7 4HJ,80,90
IM7 4HL,80,90
IM7 4HN,80,90
IM7 4HP,80,90
IM7 4HQ,80,90
IM7 4HR,80,90
IM7 4HS,80,90
IM7 4HT,80,90
IM7 4HU,80,90
IM7 4HW,80,90
IM7 4HX,80,90
IM7 4HY,80,90
IM7 4HZ,80,90
IM7 4JA,80,90
IM7 4JB,80,90
IM7 4JD,80,90
IM7 4JE,80,90
IM7 4JF,80,90
IM7 4JG,80,90
IM7 5AB,80,90
IM7 5AD,80,90
IM7 5AE,80,90
IM7 5AF,80,90
IM7 5AG,80,90
IM7 5AH,80,90
IM7 5AJ,80,90
IM7 5AL,80,90
IM7 5AN,80,90
IM7 5AP,80,90
IM7 5AQ,80,90
IM7 5AR,80,90
IM7 5AS,80,90
IM7 5AT,80,90
IM7 5AU,80,90
IM7 5AW,80,90
IM7 5AX,80,90
IM7 5AY,80,90
IM7 5AZ,80,90
IM7 5BA,80,90
IM7 5BB,80,90
IM7 5BD,80,90
IM7 5BE,80,90
IM7 5BF,80,90
IM7 5BG,80,90
IM7 5BH,80,90
IM7 5BJ,80,90
IM7 5BL,80,90
IM7 5BN,80,90
IM7 5BP,80,90
IM7 5BR,80,90
IM7 5BW,80,90
IM7 5BX,80,90
IM7 5BY,80,90
IM7 5EA,80,90
IM7 5EB,80,90
IM7 5ED,80,90
IM7 5EE,80,90
IM7 5EF,80,90
IM7 5EG,80,90
IM7 5EH,80,90
IM7 5EJ,80,90
IM7 5EL,80,90
IM7 5EN,80,90
IM7 5EP,80,90
IM7 5EQ,80,90
IM7 5ER,80,90
IM7 5ES,80,90
IM7 5ET,80,90
IM7 5EU,80,90
IM7 5EW,80,90
IM7 5EX,80,90
IM7 5EY,80,90
IM7 5EZ,80,90
IM7 5JA,80,90
IM7 5JB,80,90
IM7 5JD,80,90
IM7 5JE,80,90
IM7 5JF,80,90
IM7 5JG,80,90
IM8 1AA,80,90
IM8 1AB,80,90
IM8 1AD,80,90
IM8 1AE,80,90
IM8 1AF,80,90
IM8 1AG,80,90
IM8 1AH,80,90
IM8 1AJ,80,90
IM8 1AL,80,90
IM8 1AN,80,90
IM8 1AP,80,90
IM8 1AQ,80,90
IM8 1AR,80,90
IM8 1AS,80,90
IM8 1AT,80,90
IM8 1AU,80,90
IM8 1AW,80,90
IM8 1AX,80,90
IM8 1AY,80,90
IM8 1AZ,80,90
IM8 1BA,80,90
IM8 1BB,80,90
IM8 1BD,80,90
IM8 1BE,80,90
IM8 1BF,80,90
IM8 1BG,80,90
IM8 1BH,80,90
IM8 1BJ,80,90
IM8 1BL,80,90
IM8 1DA,80,90
IM8 1DB,80,90
IM8 1DD,80,90
IM8 1DE,80,90
IM8 1DF,80,90
IM8 1DG,80,90
IM8 1DH,80,90
IM8 1DJ,80,90
IM8 1DL,80,90
IM8 1DN,80,90
IM8 1DP,80,90
IM8 1DQ,80,90
IM8 1DR,80,90
IM8 1DS,80,90
IM8 1DT,80,90
IM8 1DU,80,90
IM8 1DW,80,90
IM8 1DX,80,90
IM8 1DY,80,90
IM8 1DZ,80,90
IM8 1EA,80,90
IM8 1EB,80,90
IM8 1ED,80,90
IM8 1EE,80,90
IM8 1EF,80,90
IM8 1EG,80,90
IM8 1EH,80,90
IM8 1EJ,80,90
IM8 1EL,80,90
IM8 1EN,80,90
IM8 1EP,80,90
IM8 1EQ,80,90
IM8 1ER,80,90
IM8 1ES,80,90
IM8 1ET,80,90
IM8 1EU,80,90
IM8 1EW,80,90
IM8 1FF,80,90
IM8 1GB,80,90
IM8 1GP,80,90
IM8 1JA,80,90
IM8 1JB,80,90
IM8 1JD,80,90
IM8 1JE,80,90
IM8 1JF,80,90
IM8 1JG,80,90
IM8 1JH,80,90
IM8 1JJ,80,90
IM8 1JL,80,90
IM8 1JN,80,90
IM8 1JP,80,90
IM8 1JQ,80,90
IM8 1JR,80,90
IM8 1JS,80,90
IM8 1JT,80,90
IM8 1JU,80,90
IM8 1JW,80,90
IM8 1JX,80,90
IM8 1JY,80,90
IM8 1LA,80,90
IM8 1LB,80,90
IM8 1LD,80,90
IM8 1LE,80,90
IM8 1LF,80,90
IM8 1LG,80,90
IM8 1LH,80,90
IM8 1LJ,80,90
IM8 1LL,80,90
IM8 1LN,80,90
IM8 1LP,80,90
IM8 1LQ,80,90
IM8 1LR,80,90
IM8 1LS,80,90
IM8 1LT,80,90
IM8 1LU,80,90
IM8 1LW,80,90
IM8 1LX,80,90
IM8 1LY,80,90
IM8 1NA,80,90
IM8 1NB,80,90
IM8 1ND,80,90
IM8 1NE,80,90
IM8 1NF,80,90
IM8 1NG,80,90
IM8 1NL,80,90
IM8 1NN,80,90
IM8 1NP,80,90
IM8 1RB,80,90
IM8 1RD,80,90
IM8 1RE,80,90
IM8 1RF,80,90
IM8 1RG,80,90
IM8 1RT,80,90
IM8 2AA,80,90
IM8 2AB,80,90
IM8 2AD,80,90
IM8 2AE,80,90
IM8 2AF,80,90
IM8 2AG,80,90
IM8 2AH,80,90
IM8 2AJ,80,90
IM8 2AL,80,90
IM8 2AN,80,90
IM8 2AP,80,90
IM8 2AQ,80,90
IM8 2AR,80,90
IM8 2AS,80,90
IM8 2AT,80,90
IM8 2AU,80,90
IM8 2AW,80,90
IM8 2AX,80,90
IM8 2AY,80,90
IM8 2AZ,80,90
IM8 2BA,80,90
IM8 2BB,80,90
IM8 2BD,80,90
IM8 2BE,80,90
IM8 2BF,80,90
IM8 2BG,80,90
IM8 2BH,80,90
IM8 2BJ,80,90
IM8 2BL,80,90
IM8 2BN,80,90
IM8 2BP,80,90
IM8 2BQ,80,90
IM8 2BR,80,90
IM8 2BS,80,90
IM8 2BT,80,90
IM8 2BW,80,90
IM8 2EA,80,90
IM8 2EB,80,90
IM8 2ED,80,90
IM8 2EE,80,90
IM8 2EF,80,90
IM8 2EG,80,90
IM8 2EH,80,90
IM8 2EJ,80,90
IM8 2EL,80,90
IM8 2EN,80,90
IM8 2EP,80,90
IM8 2EQ,80,90
IM8 2ER,80,90
IM8 2ES,80,90
IM8 2ET,80,90
IM8 2EU,80,90
IM8 2EW,80,90
IM8 2EX,80,90
IM8 2EY,80,90
IM8 2EZ,80,90
IM8 2FA,80,90
IM8 2GB,80,90
IM8 2HA,80,90
IM8 2HB,80,90
IM8 2HD,80,90
IM8 2HE,80,90
IM8 2HF,80,90
IM8 2HG,80,90
IM8 2HH,80,90
IM8 2HJ,80,90
IM8 2HL,80,90
IM8 2HN,80,90
IM8 2HP,80,90
IM8 2HQ,80,90
IM8 2HR,80,90
IM8 2HS,80,90
IM8 2HT,80,90
IM8 2HU,80,90
IM8 2HW,80,90
IM8 2HX,80,90
IM8 2HY,80,90
IM8 2HZ,80,90
IM8 2JA,80,90
IM8 2JB,80,90
IM8 2JD,80,90
IM8 2JE,80,90
IM8 2JF,80,90
IM8 2JG,80,90
IM8 2JH,80,90
IM8 2JJ,80,90
IM8 2JL,80,90
IM8 2JN,80,90
IM8 2JP,80,90
IM8 2JQ,80,90
IM8 2JR,80,90
IM8 2JS,80,90
IM8 2JU,80,90
IM8 2JW,80,90
IM8 2LA,80,90
IM8 2LB,80,90
IM8 2LD,80,90
IM8 2LE,80,90
IM8 2LF,80,90
IM8 2LG,80,90
IM8 2LH,80,90
IM8 2LJ,80,90
IM8 2LL,80,90
IM8 2LN,80,90
IM8 2LP,80,90
IM8 2LQ,80,90
IM8 2LR,80,90
IM8 2LS,80,90
IM8 2LT,80,90
IM8 2LU,80,90
IM8 2LW,80,90
IM8 2LX,80,90
IM8 2LY,80,90
IM8 2LZ,80,90
IM8 2NA,80,90
IM8 2NB,80,90
IM8 2ND,80,90
IM8 2NE,80,90
IM8 2NF,80,90
IM8 2NG,80,90
IM8 2NH,80,90
IM8 2NJ,80,90
IM8 2NL,80,90
IM8 2NN,80,90
IM8 2NP,80,90
IM8 2NQ,80,90
IM8 2NR,80,90
IM8 2NS,80,90
IM8 2NT,80,90
IM8 2NU,80,90
IM8 2NW,80,90
IM8 2NX,80,90
IM8 2NY,80,90
IM8 2NZ,80,90
IM8 2PA,80,90
IM8 2PB,80,90
IM8 2PD,80,90
IM8 2PE,80,90
IM8 2PF,80,90
IM8 2PG,80,90
IM8 2PH,80,90
IM8 2PJ,80,90
IM8 2PL,80,90
IM8 2PN,80,90
IM8 2PP,80,90
IM8 2PQ,80,90
IM8 2PR,80,90
IM8 2PS,80,90
IM8 2PT,80,90
IM8 2PU,80,90
IM8 2PW,80,90
IM8 2PX,80,90
IM8 2PY,80,90
IM8 2PZ,80,90
IM8 2QA,80,90
IM8 2QB,80,90
IM8 2QD,80,90
IM8 2QE,80,90
IM8 2RE,80,90
IM8 2RG,80,90
IM8 2TA,80,90
IM8 2TB,80,90
IM8 2TD,80,90
IM8 2TE,80,90
IM8 2TF,80,90
IM8 2TG,80,90
IM8 2TH,80,90
IM8 2TJ,80,90
IM8 2TL,80,90
IM8 2TN,80,90
IM8 2TP,80,90
IM8 2TQ,80,90
IM8 2TR,80,90
IM8 2TS,80,90
IM8 2TT,80,90
IM8 2TU,80,90
IM8 2TX,80,90
IM8 3AB,80,90
IM8 3AD,80,90
IM8 3AG,80,90
IM8 3AH,80,90
IM8 3AJ,80,90
IM8 3AL,80,90
IM8 3AN,80,90
IM8 3AP,80,90
IM8 3AQ,80,90
IM8 3AR,80,90
IM8 3AS,80,90
IM8 3AU,80,90
IM8 3AW,80,90
IM8 3AX,80,90
IM8 3AY,80,90
IM8 3AZ,80,90
IM8 3BA,80,90
IM8 3BD,80,90
IM8 3BE,80,90
IM8 3DA,80,90
IM8 3DB,80,90
IM8 3DE,80,90
IM8 3DF,80,90
IM8 3DG,80,90
IM8 3DH,80,90
IM8 3DJ,80,90
IM8 3DL,80,90
IM8 3DN,80,90
IM8 3DP,80,90
IM8 3DQ,80,90
IM8 3DR,80,90
IM8 3DS,80,90
IM8 3DT,80,90
IM8 3DU,80,90
IM8 3DW,80,90
IM8 3DX,80,90
IM8 3DY,80,90
IM8 3DZ,80,90
IM8 3EA,80,90
IM8 3EB,80,90
IM8 3ED,80,90
IM8 3EE,80,90
IM8 3EF,80,90
IM8 3EG,80,90
IM8 3EH,80,90
IM8 3EJ,80,90
IM8 3EL,80,90
IM8 3EN,80,90
IM8 3EP,80,90
IM8 3EQ,80,90
IM8 3ER,80,90
IM8 3ES,80,90
IM8 3EU,80,90
IM8 3EW,80,90
IM8 3EY,80,90
IM8 3EZ,80,90
IM8 3HA,80,90
IM8 3HB,80,90
IM8 3HE,80,90
IM8 3HF,80,90
IM8 3HG,80,90
IM8 3HH,80,90
IM8 3HJ,80,90
IM8 3HL,80,90
IM8 3HN,80,90
IM8 3HP,80,90
IM8 3HQ,80,90
IM8 3HR,80,90
IM8 3HS,80,90
IM8 3HT,80,90
IM8 3LA,80,90
IM8 3LB,80,90
IM8 3LD,80,90
IM8 3LE,80,90
IM8 3LF,80,90
IM8 3LG,80,90
IM8 3LH,80,90
IM8 3LJ,80,90
IM8 3LL,80,90
IM8 3LN,80,90
IM8 3LP,80,90
IM8 3LQ,80,90
IM8 3LR,80,90
IM8 3LS,80,90
IM8 3LT,80,90
IM8 3LW,80,90
IM8 3NA,80,90
IM8 3NB,80,90
IM8 3ND,80,90
IM8 3NE,80,90
IM8 3NF,80,90
IM8 3NG,80,90
IM8 3NH,80,90
IM8 3NJ,80,90
IM8 3NL,80,90
IM8 3NN,80,90
IM8 3NP,80,90
IM8 3NQ,80,90
IM8 3NR,80,90
IM8 3NS,80,90
IM8 3NT,80,90
IM8 3NU,80,90
IM8 3NW,80,90
IM8 3NX,80,90
IM8 3NY,80,90
IM8 3NZ,80,90
IM8 3PA,80,90
IM8 3PB,80,90
IM8 3PD,80,90
IM8 3PE,80,90
IM8 3PF,80,90
IM8 3PG,80,90
IM8 3PH,80,90
IM8 3PJ,80,90
IM8 3PL,80,90
IM8 3PN,80,90
IM8 3PP,80,90
IM8 3PQ,80,90
IM8 3PR,80,90
IM8 3PS,80,90
IM8 3PT,80,90
IM8 3PU,80,90
IM8 3PW,80,90
IM8 3PX,80,90
IM8 3PY,80,90
IM8 3PZ,80,90
IM8 3RH,80,90
IM8 3TA,80,90
IM8 3TB,80,90
IM8 3TD,80,90
IM8 3UA,80,90
IM8 3UB,80,90
IM8 3UD,80,90
IM8 3UE,80,90
IM8 3UF,80,90
IM8 3UG,80,90
IM8 3UH,80,90
IM8 3UJ,80,90
IM8 3UL,80,90
IM8 3UN,80,90
IM8 3UP,80,90
IM8 3UQ,80,90
IM861ED,80,90
IM861SG,80,90
IM861YL,80,90
IM862XQ,80,90
IM9 1AB,80,90
IM9 1AD,80,90
IM9 1AE,80,90
IM9 1AF,80,90
IM9 1AG,80,90
IM9 1AH,80,90
IM9 1AJ,80,90
IM9 1AL,80,90
IM9 1AN,80,90
IM9 1AP,80,90
IM9 1AQ,80,90
IM9 1AR,80,90
IM9 1AS,80,90
IM9 1AT,80,90
IM9 1AU,80,90
IM9 1AW,80,90
IM9 1AX,80,90
IM9 1AY,80,90
IM9 1AZ,80,90
IM9 1BA,80,90
IM9 1BB,80,90
IM9 1BD,80,90
IM9 1BE,80,90
IM9 1BF,80,90
IM9 1BG,80,90
IM9 1BH,80,90
IM9 1BJ,80,90
IM9 1BL,80,90
IM9 1BN,80,90
IM9 1BP,80,90
IM9 1BQ,80,90
IM9 1BR,80,90
IM9 1BS,80,90
IM9 1BT,80,90
IM9 1BU,80,90
IM9 1BW,80,90
IM9 1BX,80,90
IM9 1BY,80,90
IM9 1BZ,80,90
IM9 1DA,80,90
IM9 1DB,80,90
IM9 1DD,80,90
IM9 1DE,80,90
IM9 1DF,80,90
IM9 1DG,80,90
IM9 1DH,80,90
IM9 1DJ,80,90
IM9 1DL,80,90
IM9 1DN,80,90
IM9 1DP,80,90
IM9 1DQ,80,90
IM9 1DR,80,90
IM9 1DS,80,90
IM9 1DT,80,90
IM9 1DU,80,90
IM9 1DW,80,90
IM9 1DX,80,90
IM9 1DY,80,90
IM9 1DZ,80,90
IM9 1EA,80,90
IM9 1EB,80,90
IM9 1ED,80,90
IM9 1EE,80,90
IM9 1EF,80,90
IM9 1EG,80,90
IM9 1EH,80,90
IM9 1EJ,80,90
IM9 1EL,80,90
IM9 1EN,80,90
IM9 1EP,80,90
IM9 1EQ,80,90
IM9 1ER,80,90
IM9 1ES,80,90
IM9 1ET,80,90
IM9 1EU,80,90
IM9 1EW,80,90
IM9 1EX,80,90
IM9 1HA,80,90
IM9 1HB,80,90
IM9 1HD,80,90
IM9 1HE,80,90
IM9 1HF,80,90
IM9 1HG,80,90
IM9 1HH,80,90
IM9 1HJ,80,90
IM9 1HL,80,90
IM9 1HN,80,90
IM9 1HP,80,90
IM9 1HQ,80,90
IM9 1HR,80,90
IM9 1HS,80,90
IM9 1HT,80,90
IM9 1HU,80,90
IM9 1HW,80,90
IM9 1HX,80,90
IM9 1HY,80,90
IM9 1HZ,80,90
IM9 1JA,80,90
IM9 1JE,80,90
IM9 1JF,80,90
IM9 1LA,80,90
IM9 1LB,80,90
IM9 1LD,80,90
IM9 1LE,80,90
IM9 1LF,80,90
IM9 1LG,80,90
IM9 1LH,80,90
IM9 1LJ,80,90
IM9 1LL,80,90
IM9 1LN,80,90
IM9 1LP,80,90
IM9 1LQ,80,90
IM9 1LR,80,90
IM9 1LS,80,90
IM9 1LT,80,90
IM9 1LU,80,90
IM9 1LW,80,90
IM9 1LX,80,90
IM9 1LY,80,90
IM9 1LZ,80,90
IM9 1NA,80,90
IM9 1NB,80,90
IM9 1ND,80,90
IM9 1NE,80,90
IM9 1NF,80,90
IM9 1NG,80,90
IM9 1NH,80,90
IM9 1NJ,80,90
IM9 1NL,80,90
IM9 1NN,80,90
IM9 1NP,80,90
IM9 1NQ,80,90
IM9 1NR,80,90
IM9 1NS,80,90
IM9 1NT,80,90
IM9 1NU,80,90
IM9 1NW,80,90
IM9 1NX,80,90
IM9 1NY,80,90
IM9 1NZ,80,90
IM9 1PA,80,90
IM9 1PB,80,90
IM9 1PD,80,90
IM9 1PE,80,90
IM9 1PN,80,90
IM9 1RA,80,90
IM9 1RB,80,90
IM9 1RD,80,90
IM9 1RE,80,90
IM9 1RJ,80,90
IM9 1TA,80,90
IM9 1TB,80,90
IM9 1TD,80,90
IM9 1TE,80,90
IM9 1TF,80,90
IM9 1TG,80,90
IM9 1TH,80,90
IM9 1TJ,80,90
IM9 1TL,80,90
IM9 1TN,80,90
IM9 1TP,80,90
IM9 1TQ,80,90
IM9 1TR,80,90
IM9 1TS,80,90
IM9 1TU,80,90
IM9 1TX,80,90
IM9 1TY,80,90
IM9 1TZ,80,90
IM9 1UA,80,90
IM9 1UB,80,90
IM9 1UD,80,90
IM9 1UE,80,90
IM9 2AA,80,90
IM9 2AB,80,90
IM9 2AD,80,90
IM9 2AE,80,90
IM9 2AF,80,90
IM9 2AG,80,90
IM9 2AH,80,90
IM9 2AJ,80,90
IM9 2AL,80,90
IM9 2AN,80,90
IM9 2AP,80,90
IM9 2AQ,80,90
IM9 2AR,80,90
IM9 2AS,80,90
IM9 2AT,80,90
IM9 2AU,80,90
IM9 2AW,80,90
IM9 2AX,80,90
IM9 2AY,80,90
IM9 2AZ,80,90
IM9 2BA,80,90
IM9 2BB,80,90
IM9 2BD,80,90
IM9 2BE,80,90
IM9 2BF,80,90
IM9 2BG,80,90
IM9 2BH,80,90
IM9 2BJ,80,90
IM9 2BL,80,90
IM9 2BR,80,90
IM9 2BS,80,90
IM9 2BT,80,90
IM9 2BU,80,90
IM9 2BW,80,90
IM9 2BX,80,90
IM9 2BZ,80,90
IM9 2DA,80,90
IM9 2DB,80,90
IM9 2DD,80,90
IM9 2DE,80,90
IM9 2DF,80,90
IM9 2DG,80,90
IM9 2DH,80,90
IM9 2DJ,80,90
IM9 2DL,80,90
IM9 2DN,80,90
IM9 2DP,80,90
IM9 2DQ,80,90
IM9 2DR,80,90
IM9 2DS,80,90
IM9 2DT,80,90
IM9 2DU,80,90
IM9 2DW,80,90
IM9 2DX,80,90
IM9 2DY,80,90
IM9 2DZ,80,90
IM9 2EA,80,90
IM9 2EB,80,90
IM9 2ED,80,90
IM9 2EE,80,90
IM9 2EF,80,90
IM9 2EG,80,90
IM9 2EH,80,90
IM9 2EJ,80,90
IM9 2EL,80,90
IM9 2EN,80,90
IM9 2EP,80,90
IM9 2EQ,80,90
IM9 2ER,80,90
IM9 2ES,80,90
IM9 2ET,80,90
IM9 2EU,80,90
IM9 2EW,80,90
IM9 2EX,80,90
IM9 2EY,80,90
IM9 2EZ,80,90
IM9 2FA,80,90
IM9 2FB,80,90
IM9 2HA,80,90
IM9 2HB,80,90
IM9 2HD,80,90
IM9 2HE,80,90
IM9 2HF,80,90
IM9 2HG,80,90
IM9 2HH,80,90
IM9 2HJ,80,90
IM9 2HL,80,90
IM9 2HN,80,90
IM9 2HP,80,90
IM9 2HQ,80,90
IM9 2HR,80,90
IM9 2HS,80,90
IM9 2HT,80,90
IM9 2HU,80,90
IM9 2HW,80,90
IM9 2JE,80,90
IM9 2LA,80,90
IM9 2LB,80,90
IM9 2RA,80,90
IM9 2RB,80,90
IM9 2RD,80,90
IM9 2RE,80,90
IM9 2RF,80,90
IM9 2RG,80,90
IM9 2RH,80,90
IM9 2RJ,80,90
IM9 2RP,80,90
IM9 2RQ,80,90
IM9 2RS,80,90
IM9 2RY,80,90
IM9 2SE,80,90
IM9 3AB,80,90
IM9 3AD,80,90
IM9 3AE,80,90
IM9 3AF,80,90
IM9 3AG,80,90
IM9 3AH,80,90
IM9 3AJ,80,90
IM9 3AL,80,90
IM9 3AN,80,90
IM9 3AP,80,90
IM9 3AQ,80,90
IM9 3AR,80,90
IM9 3AS,80,90
IM9 3AT,80,90
IM9 3AU,80,90
IM9 3AW,80,90
IM9 3AX,80,90
IM9 3AY,80,90
IM9 3AZ,80,90
IM9 3BA,80,90
IM9 3BB,80,90
IM9 3BD,80,90
IM9 3DA,80,90
IM9 3DB,80,90
IM9 3DD,80,90
IM9 3DE,80,90
IM9 3DF,80,90
IM9 3DG,80,90
IM9 3DH,80,90
IM9 3DJ,80,90
IM9 3DL,80,90
IM9 3DN,80,90
IM9 3DP,80,90
IM9 3DQ,80,90
IM9 3DR,80,90
IM9 3DS,80,90
IM9 3DT,80,90
IM9 3DU,80,90
IM9 3DW,80,90
IM9 3DX,80,90
IM9 3DY,80,90
IM9 3DZ,80,90
IM9 3EA,80,90
IM9 3EB,80,90
IM9 3ED,80,90
IM9 3EE,80,90
IM9 3EF,80,90
IM9 3EG,80,90
IM9 3EH,80,90
IM9 3EJ,80,90
IM9 3EL,80,90
IM9 3EN,80,90
IM9 3EP,80,90
IM9 3EQ,80,90
IM9 3ER,80,90
IM9 3ES,80,90
IM9 3ET,80,90
IM9 4AB,80,90
IM9 4AD,80,90
IM9 4AE,80,90
IM9 4AF,80,90
IM9 4AG,80,90
IM9 4AH,80,90
IM9 4AJ,80,90
IM9 4AL,80,90
IM9 4AN,80,90
IM9 4AP,80,90
IM9 4AQ,80,90
IM9 4AR,80,90
IM9 4AS,80,90
IM9 4AT,80,90
IM9 4AU,80,90
IM9 4AW,80,90
IM9 4AX,80,90
IM9 4AY,80,90
IM9 4AZ,80,90
IM9 4BA,80,90
IM9 4BB,80,90
IM9 4BD,80,90
IM9 4BE,80,90
IM9 4BF,80,90
IM9 4BG,80,90
IM9 4BH,80,90
IM9 4BJ,80,90
IM9 4BL,80,90
IM9 4BN,80,90
IM9 4BP,80,90
IM9 4BQ,80,90
IM9 4BR,80,90
IM9 4BS,80,90
IM9 4BT,80,90
IM9 4BU,80,90
IM9 4BW,80,90
IM9 4BX,80,90
IM9 4BY,80,90
IM9 4BZ,80,90
IM9 4DA,80,90
IM9 4DB,80,90
IM9 4DD,80,90
IM9 4DE,80,90
IM9 4EA,80,90
IM9 4EB,80,90
IM9 4ED,80,90
IM9 4EE,80,90
IM9 4EF,80,90
IM9 4EG,80,90
IM9 4EH,80,90
IM9 4EJ,80,90
IM9 4EL,80,90
IM9 4EN,80,90
IM9 4EP,80,90
IM9 4EQ,80,90
IM9 4ER,80,90
IM9 4ES,80,90
IM9 4ET,80,90
IM9 4EU,80,90
IM9 4EW,80,90
IM9 4EX,80,90
IM9 4EY,80,90
IM9 4EZ,80,90
IM9 4HA,80,90
IM9 4HB,80,90
IM9 4HD,80,90
IM9 4HE,80,90
IM9 4HF,80,90
IM9 4HG,80,90
IM9 4HH,80,90
IM9 4HJ,80,90
IM9 4HL,80,90
IM9 4HN,80,90
IM9 4HQ,80,90
IM9 4HR,80,90
IM9 4HW,80,90
IM9 4LA,80,90
IM9 4LB,80,90
IM9 4LD,80,90
IM9 4LE,80,90
IM9 4LF,80,90
IM9 4LG,80,90
IM9 4LH,80,90
IM9 4LJ,80,90
IM9 4LL,80,90
IM9 4LN,80,90
IM9 4LP,80,90
IM9 4LQ,80,90
IM9 4LR,80,90
IM9 4LS,80,90
IM9 4LT,80,90
IM9 4LU,80,90
IM9 4LW,80,90
IM9 4LX,80,90
IM9 4LY,80,90
IM9 4LZ,80,90
IM9 4NA,80,90
IM9 4NB,80,90
IM9 4ND,80,90
IM9 4NE,80,90
IM9 4NF,80,90
IM9 4NG,80,90
IM9 4NH,80,90
IM9 4NJ,80,90
IM9 4NL,80,90
IM9 4NN,80,90
IM9 4NP,80,90
IM9 4NQ,80,90
IM9 4NR,80,90
IM9 4NS,80,90
IM9 4NT,80,90
IM9 4NU,80,90
IM9 4NW,80,90
IM9 4NX,80,90
IM9 4NY,80,90
IM9 4NZ,80,90
IM9 4PA,80,90
IM9 4PB,80,90
IM9 4PD,80,90
IM9 4PE,80,90
IM9 4PF,80,90
IM9 4PG,80,90
IM9 4PH,80,90
IM9 4PJ,80,90
IM9 4PL,80,90
IM9 4PN,80,90
IM9 4PP,80,90
IM9 4PQ,80,90
IM9 4PR,80,90
IM9 4PS,80,90
IM9 5AA,80,90
IM9 5AB,80,90
IM9 5AD,80,90
IM9 5AE,80,90
IM9 5AF,80,90
IM9 5AG,80,90
IM9 5AH,80,90
IM9 5AJ,80,90
IM9 5AL,80,90
IM9 5AN,80,90
IM9 5AP,80,90
IM9 5AQ,80,90
IM9 5AR,80,90
IM9 5AS,80,90
IM9 5AT,80,90
IM9 5AU,80,90
IM9 5AW,80,90
IM9 5AX,80,90
IM9 5AY,80,90
IM9 5AZ,80,90
IM9 5BA,80,90
IM9 5BB,80,90
IM9 5BD,80,90
IM9 5BE,80,90
IM9 5BF,80,90
IM9 5BG,80,90
IM9 5BH,80,90
IM9 5BJ,80,90
IM9 5DA,80,90
IM9 5DB,80,90
IM9 5DE,80,90
IM9 5DF,80,90
IM9 5DG,80,90
IM9 5DN,80,90
IM9 5DP,80,90
IM9 5DR,80,90
IM9 5DS,80,90
IM9 5DT,80,90
IM9 5DU,80,90
IM9 5DW,80,90
IM9 5DX,80,90
IM9 5DY,80,90
IM9 5DZ,80,90
IM9 5EA,80,90
IM9 5EB,80,90
IM9 5ED,80,90
IM9 5EE,80,90
IM9 5EF,80,90
IM9 5EG,80,90
IM9 5EH,80,90
IM9 5EJ,80,90
IM9 5EL,80,90
IM9 5EN,80,90
IM9 5EP,80,90
IM9 5EQ,80,90
IM9 5ER,80,90
IM9 5ES,80,90
IM9 5ET,80,90
IM9 5EU,80,90
IM9 5EW,80,90
IM9 5EX,80,90
IM9 5EY,80,90
IM9 5EZ,80,90
IM9 5HA,80,90
IM9 5HB,80,90
IM9 5HD,80,90
IM9 5HE,80,90
IM9 5HF,80,90
IM9 5HG,80,90
IM9 5HH,80,90
IM9 5HJ,80,90
IM9 5HL,80,90
IM9 5HQ,80,90
IM9 5LA,80,90
IM9 5LB,80,90
IM9 5LD,80,90
IM9 5LE,80,90
IM9 5LF,80,90
IM9 5LG,80,90
IM9 5LH,80,90
IM9 5LJ,80,90
IM9 5LL,80,90
IM9 5LN,80,90
IM9 5LP,80,90
IM9 5LQ,80,90
IM9 5LR,80,90
IM9 5LS,80,90
IM9 5LT,80,90
IM9 5LU,80,90
IM9 5LW,80,90
IM9 5LX,80,90
IM9 5LY,80,90
IM9 5LZ,80,90
IM9 5NA,80,90
IM9 5NB,80,90
IM9 5ND,80,90
IM9 5NE,80,90
IM9 5NF,80,90
IM9 5NG,80,90
IM9 5NH,80,90
IM9 5NJ,80,90
IM9 5NL,80,90
IM9 5NN,80,90
IM9 5NP,80,90
IM9 5NQ,80,90
IM9 5NR,80,90
IM9 5NS,80,90
IM9 5NT,80,90
IM9 5PA,80,90
IM9 5PB,80,90
IM9 5PD,80,90
IM9 5PE,80,90
IM9 5PF,80,90
IM9 5PG,80,90
IM9 5PH,80,90
IM9 5PJ,80,90
IM9 5PL,80,90
IM9 5PN,80,90
IM9 5PP,80,90
IM9 5PQ,80,90
IM9 5PR,80,90
IM9 5PS,80,90
IM9 5PT,80,90
IM9 5PU,80,90
IM9 5PW,80,90
IM9 5PX,80,90
IM9 5PY,80,90
IM9 5PZ,80,90
IM9 5QA,80,90
IM9 5RB,80,90
IM9 6AA,80,90
IM9 6AB,80,90
IM9 6AD,80,90
IM9 6AE,80,90
IM9 6AF,80,90
IM9 6AG,80,90
IM9 6AH,80,90
IM9 6AJ,80,90
IM9 6AL,80,90
IM9 6AN,80,90
IM9 6AP,80,90
IM9 6AQ,80,90
IM9 6AR,80,90
IM9 6AS,80,90
IM9 6AT,80,90
IM9 6AU,80,90
IM9 6AW,80,90
IM9 6AX,80,90
IM9 6AY,80,90
IM9 6AZ,80,90
IM9 6BA,80,90
IM9 6BB,80,90
IM9 6BD,80,90
IM9 6BE,80,90
IM9 6BF,80,90
IM9 6BG,80,90
IM9 6BH,80,90
IM9 6BJ,80,90
IM9 6BL,80,90
IM9 6BN,80,90
IM9 6BP,80,90
IM9 6BQ,80,90
IM9 6BR,80,90
IM9 6BS,80,90
IM9 6BT,80,90
IM9 6BU,80,90
IM9 6BW,80,90
IM9 6BX,80,90
IM9 6BY,80,90
IM9 6BZ,80,90
IM9 6DA,80,90
IM9 6DB,80,90
IM9 6DD,80,90
IM9 6DE,80,90
IM9 6DF,80,90
IM9 6DG,80,90
IM9 6DH,80,90
IM9 6DJ,80,90
IM9 6DL,80,90
IM9 6DQ,80,90
IM9 6DR,80,90
IM9 6DS,80,90
IM9 6DT,80,90
IM9 6DU,80,90
IM9 6DW,80,90
IM9 6DX,80,90
IM9 6DZ,80,90
IM9 6EA,80,90
IM9 6EB,80,90
IM9 6ED,80,90
IM9 6EE,80,90
IM9 6EF,80,90
IM9 6EG,80,90
IM9 6EH,80,90
IM9 6EJ,80,90
IM9 6EL,80,90
IM9 6EN,80,90
IM9 6EP,80,90
IM9 6EQ,80,90
IM9 6ER,80,90
IM9 6ES,80,90
IM9 6ET,80,90
IM9 6EU,80,90
IM9 6EW,80,90
IM9 6EX,80,90
IM9 6EY,80,90
IM9 6EZ,80,90
IM9 6FA,80,90
IM9 6FB,80,90
IM9 6FD,80,90
IM9 6FE,80,90
IM9 6FF,80,90
IM9 6FG,80,90
IM9 6FH,80,90
IM9 6HA,80,90
IM9 6HB,80,90
IM9 6HD,80,90
IM9 6HE,80,90
IM9 6HF,80,90
IM9 6HG,80,90
IM9 6HH,80,90
IM9 6HJ,80,90
IM9 6HL,80,90
IM9 6HN,80,90
IM9 6HP,80,90
IM9 6HQ,80,90
IM9 6HR,80,90
IM9 6HS,80,90
IM9 6HT,80,90
IM9 6HW,80,90
IM9 6JA,80,90
IM9 6JB,80,90
IM9 6JD,80,90
IM9 6JF,80,90
IM9 6JG,80,90
IM9 6JH,80,90
IM9 6JJ,80,90
IM9 6JL,80,90
IM9 6JN,80,90
IM9 6JP,80,90
IM9 6JQ,80,90
IM9 6JR,80,90
IM9 6JW,80,90
IM9 6LA,80,90
IM9 6LB,80,90
IM9 6LD,80,90
IM9 6LE,80,90
IM9 6LF,80,90
IM9 6LG,80,90
IM9 6LH,80,90
IM9 6LJ,80,90
IM9 6LL,80,90
IM9 6LN,80,90
IM9 6LP,80,90
IM9 6LQ,80,90
IM9 6LR,80,90
IM9 6LS,80,90
IM9 6LT,80,90
IM9 6LU,80,90
IM9 6LW,80,90
IM9 6LX,80,90
IM9 6LY,80,90
IM9 6LZ,80,90
IM9 6NA,80,90
IM9 6NB,80,90
IM9 6ND,80,90
IM9 6NE,80,90
IM9 6NF,80,90
IM9 6NG,80,90
IM9 6NH,80,90
IM9 6NJ,80,90
IM9 6NL,80,90
IM9 6NP,80,90
IM9 6NQ,80,90
IM9 6NR,80,90
IM9 6PA,80,90
IM9 6PB,80,90
IM9 6PD,80,90
IM9 6PE,80,90
IM9 6PF,80,90
IM9 6PG,80,90
IM9 6PH,80,90
IM9 6PJ,80,90
IM9 6PL,80,90
IM9 6PN,80,90
IM9 6PP,80,90
IM9 6PQ,80,90
IM9 6PR,80,90
IM9 6PS,80,90
IM9 6PT,80,90
IM9 6PW,80,90
IM9 6QA,80,90
IM9 6QB,80,90
IM9 6QD,80,90
IM9 6QE,80,90
IM9 6QF,80,90
IM9 6QG,80,90
IM9 6QH,80,90
IM9 6QJ,80,90
IM9 6QL,80,90
IM9 6QN,80,90
IM9 6QP,80,90
IM9 6QQ,80,90
IM9 6QR,80,90
IM9 6QS,80,90
IM9 6QT,80,90
IM9 6QU,80,90
IM9 6QW,80,90
IM9 6QZ,80,90
IM9 6RA,80,90
IM9 6RG,80,90
IM9 6TA,80,90
IM9 6TB,80,90
IM9 6TD,80,90
IM9 6TE,80,90
IM9 6TF,80,90
IM9 6TG,80,90
IM9 6TH,80,90
IM9 6TJ,80,90
IM9 6TL,80,90
IM9 6TN,80,90
IM9 6TP,80,90
IM9 6TQ,80,90
IM9 6TR,80,90
IM9 6TS,80,90
IM9 6TT,80,90
IM9 6TU,80,90
IM9 6TW,80,90
IM9 6TX,80,90
IM991AA,80,90
IM991AB,80,90
IM991AD,80,90
IM991AE,80,90
IM991AF,80,90
IM991AG,80,90
IM991AH,80,90
IM991AJ,80,90
IM991AL,80,90
IM991AN,80,90
IM991AP,80,90
IM991AQ,80,90
IM991AR,80,90
IM991AS,80,90
IM991AT,80,90
IM991AU,80,90
IM991AW,80,90
IM991AX,80,90
IM991AY,80,90
IM991AZ,80,90
IM991BA,80,90
IM991BB,80,90
IM991BD,80,90
IM991BE,80,90
IM991BF,80,90
IM991BG,80,90
IM991BH,80,90
IM991BJ,80,90
IM991BL,80,90
IM991BN,80,90
IM991BP,80,90
IM991BQ,80,90
IM991BR,80,90
IM991BS,80,90
IM991BT,80,90
IM991BU,80,90
IM991BW,80,90
IM991BX,80,90
IM991BY,80,90
IM991BZ,80,90
IM991DA,80,90
IM991DB,80,90
IM991DD,80,90
IM991DE,80,90
IM991DF,80,90
IM991DG,80,90
IM991DH,80,90
IM991DJ,80,90
IM991DL,80,90
IM991DN,80,90
IM991DP,80,90
IM991DQ,80,90
IM991DR,80,90
IM991DS,80,90
IM991DT,80,90
IM991DU,80,90
IM991DW,80,90
IM991DX,80,90
IM991DY,80,90
IM991DZ,80,90
IM991EA,80,90
IM991EB,80,90
IM991ED,80,90
IM991EE,80,90
IM991EF,80,90
IM991EG,80,90
IM991EH,80,90
IM991EJ,80,90
IM991EL,80,90
IM991EN,80,90
IM991EP,80,90
IM991EQ,80,90
IM991ER,80,90
IM991ES,80,90
IM991ET,80,90
IM991EU,80,90
IM991EW,80,90
IM991EX,80,90
IM991EY,80,90
IM991EZ,80,90
IM991FA,80,90
IM991FB,80,90
IM991FD,80,90
IM991FE,80,90
IM991FF,80,90
IM991FG,80,90
IM991FH,80,90
IM991FJ,80,90
IM991FL,80,90
IM991FN,80,90
IM991FP,80,90
IM991FQ,80,90
IM991FR,80,90
IM991FS,80,90
IM991FT,80,90
IM991FW,80,90
IM991FX,80,90
IM991FY,80,90
IM991FZ,80,90
IM991GA,80,90
IM991GB,80,90
IM991GD,80,90
IM991GE,80,90
IM991GF,80,90
IM991GG,80,90
IM991GH,80,90
IM991GJ,80,90
IM991GL,80,90
IM991GN,80,90
IM991GP,80,90
IM991GQ,80,90
IM991GR,80,90
IM991GS,80,90
IM991GT,80,90
IM991GU,80,90
IM991GW,80,90
IM991GX,80,90
IM991GY,80,90
IM991GZ,80,90
IM991HA,80,90
IM991HB,80,90
IM991HD,80,90
IM991HE,80,90
IM991HF,80,90
IM991HG,80,90
IM991HH,80,90
IM991HJ,80,90
IM991HL,80,90
IM991HN,80,90
IM991HP,80,90
IM991HQ,80,90
IM991HR,80,90
IM991HS,80,90
IM991HT,80,90
IM991HU,80,90
IM991HW,80,90
IM991HX,80,90
IM991HY,80,90
IM991HZ,80,90
IM991JA,80,90
IM991JB,80,90
IM991JD,80,90
IM991JE,80,90
IM991JF,80,90
IM991JG,80,90
IM991JH,80,90
IM991JJ,80,90
IM991JL,80,90
IM991JN,80,90
IM991JP,80,90
IM991JQ,80,90
IM991JR,80,90
IM991JS,80,90
IM991JT,80,90
IM991JU,80,90
IM991JW,80,90
IM991JX,80,90
IM991JY,80,90
IM991JZ,80,90
IM991LA,80,90
IM991LB,80,90
IM991LD,80,90
IM991LE,80,90
IM991LF,80,90
IM991LG,80,90
IM991LH,80,90
IM991LJ,80,90
IM991LL,80,90
IM991LN,80,90
IM991LP,80,90
IM991LQ,80,90
IM991LR,80,90
IM991LS,80,90
IM991LT,80,90
IM991LU,80,90
IM991LW,80,90
IM991LX,80,90
IM991LY,80,90
IM991LZ,80,90
IM991NA,80,90
IM991NB,80,90
IM991ND,80,90
IM991NE,80,90
IM991NF,80,90
IM991NG,80,90
IM991NH,80,90
IM991NJ,80,90
IM991NL,80,90
IM991NN,80,90
IM991NP,80,90
IM991NQ,80,90
IM991NR,80,90
IM991NT,80,90
IM991NU,80,90
IM991NW,80,90
IM991NX,80,90
IM991NY,80,90
IM991NZ,80,90
IM991PA,80,90
IM991PB,80,90
IM991PD,80,90
IM991PE,80,90
IM991PF,80,90
IM991PG,80,90
IM991PH,80,90
IM991PJ,80,90
IM991PL,80,90
IM991PN,80,90
IM991PP,80,90
IM991PQ,80,90
IM991PR,80,90
IM991PS,80,90
IM991PT,80,90
IM991PU,80,90
IM991PW,80,90
IM991PX,80,90
IM991PY,80,90
IM991PZ,80,90
IM991QA,80,90
IM991QB,80,90
IM991QD,80,90
IM991QE,80,90
IM991QF,80,90
IM991QG,80,90
IM991QH,80,90
IM991QJ,80,90
IM991QL,80,90
IM991QN,80,90
IM991QP,80,90
IM991QS,80,90
IM991QT,80,90
IM991QU,80,90
IM991QW,80,90
IM991QX,80,90
IM991QY,80,90
IM991QZ,80,90
IM991RB,80,90
IM991RD,80,90
IM991RE,80,90
IM991RF,80,90
IM991RG,80,90
IM991RH,80,90
IM991RJ,80,90
IM991RL,80,90
IM991RN,80,90
IM991RP,80,90
IM991RQ,80,90
IM991RR,80,90
IM991RS,80,90
IM991RT,80,90
IM991RU,80,90
IM991RW,80,90
IM991RX,80,90
IM991RY,80,90
IM991RZ,80,90
IM991SB,80,90
IM991SD,80,90
IM991SE,80,90
IM991SF,80,90
IM991SG,80,90
IM991SH,80,90
IM991SJ,80,90
IM991SL,80,90
IM991SN,80,90
IM991SP,80,90
IM991SQ,80,90
IM991SR,80,90
IM991SS,80,90
IM991ST,80,90
IM991SU,80,90
IM991SW,80,90
IM991SX,80,90
IM991SY,80,90
IM991SZ,80,90
IM991TA,80,90
IM991TB,80,90
IM991TD,80,90
IM991TE,80,90
IM991TF,80,90
IM991TG,80,90
IM991TH,80,90
IM991TJ,80,90
IM991TL,80,90
IM991TN,80,90
IM991TP,80,90
IM991TQ,80,90
IM991TR,80,90
IM991TS,80,90
IM991TT,80,90
IM991TU,80,90
IM991TW,80,90
IM991TX,80,90
IM991TY,80,90
IM991TZ,80,90
IM991UA,80,90
IM991UD,80,90
IM991UE,80,90
IM991UF,80,90
IM991UG,80,90
IM991UH,80,90
IM991UL,80,90
IM991UN,80,90
IM991UP,80,90
IM991UQ,80,90
IM991UR,80,90
IM991US,80,90
IM991UT,80,90
IM991UU,80,90
IM991UW,80,90
IM991UX,80,90
IM991UY,80,90
IM991UZ,80,90
IM991WA,80,90
IM991WB,80,90
IM991WD,80,90
IM991WE,80,90
IM991WF,80,90
IM991WG,80,90
IM991WH,80,90
IM991WJ,80,90
IM991WL,80,90
IM991WN,80,90
IM991WP,80,90
IM991WQ,80,90
IM991WR,80,90
IM991WS,80,90
IM991WT,80,90
IM991WU,80,90
IM991WW,80,90
IM991WX,80,90
IM991WY,80,90
IM991WZ,80,90
IM991XA,80,90
IM991XB,80,90
IM991XD,80,90
IM991XE,80,90
IM991XF,80,90
IM991XG,80,90
IM991XH,80,90
IM991XJ,80,90
IM991XL,80,90
IM991XN,80,90
IM991XP,80,90
IM991XQ,80,90
IM991XR,80,90
IM991XS,80,90
IM991XT,80,90
IM991XU,80,90
IM991XW,80,90
IM991XX,80,90
IM991XY,80,90
IM991XZ,80,90
IM991YA,80,90
IM991YB,80,90
IM991YD,80,90
IM991YE,80,90
IM991YF,80,90
IM991YG,80,90
IM991YH,80,90
IM991YJ,80,90
IM991YL,80,90
IM991YN,80,90
IM991YP,80,90
IM991YQ,80,90
IM991YR,80,90
IM991YS,80,90
IM991YT,80,90
IM991YU,80,90
IM991YW,80,90
IM991YX,80,90
IM991YY,80,90
IM991YZ,80,90
IM991ZA,80,90
IM991ZB,80,90
IM991ZD,80,90
IM991ZE,80,90
IM991ZF,80,90
IM991ZG,80,90
IM991ZH,80,90
IM991ZJ,80,90
IM991ZL,80,90
IM991ZN,80,90
IM991ZP,80,90
IM991ZQ,80,90
IM991ZR,80,90
IM991ZS,80,90
IM991ZT,80,90
IM991ZU,80,90
IM991ZW,80,90
IM991ZX,80,90
IM991ZY,80,90
IM991ZZ,80,90
IM992AA,80,90
IM992AB,80,90
IM992AD,80,90
IM992AE,80,90
IM992AF,80,90
IM992AG,80,90
IM992AL,80,90
IM992AN,80,90
IM992AP,80,90
IM992AQ,80,90
IM992AR,80,90
IM992AT,80,90
IM992AW,80,90
IM992AX,80,90
IM992AY,80,90
IM992AZ,80,90
IM992BA,80,90
IM992BB,80,90
IM992BD,80,90
IM992BE,80,90
IM992BF,80,90
IM992BG,80,90
IM992BH,80,90
IM992BJ,80,90
IM992BL,80,90
IM992BN,80,90
IM992BP,80,90
IM992BQ,80,90
IM992BR,80,90
IM992BS,80,90
IM992BT,80,90
IM992BW,80,90
IM992BX,80,90
IM992BY,80,90
IM992BZ,80,90
IM992DA,80,90
IM992DB,80,90
IM992DD,80,90
IM992DE,80,90
IM992DF,80,90
IM992DG,80,90
IM992DH,80,90
IM992DJ,80,90
IM992DL,80,90
IM992DN,80,90
IM992DP,80,90
IM992DQ,80,90
IM992DR,80,90
IM992DS,80,90
IM992DT,80,90
IM992DU,80,90
IM992DW,80,90
IM992DX,80,90
IM992DY,80,90
IM992DZ,80,90
IM992EA,80,90
IM992EB,80,90
IM992ED,80,90
IM992EE,80,90
IM992EF,80,90
IM992EG,80,90
IM992EH,80,90
IM992EJ,80,90
IM992EL,80,90
IM992EN,80,90
IM992EP,80,90
IM992EQ,80,90
IM992ER,80,90
IM992ES,80,90
IM992ET,80,90
IM992EU,80,90
IM992EY,80,90
IM992EZ,80,90
IM992LA,80,90
IM992LB,80,90
IM992LD,80,90
IM992LE,80,90
IM992LF,80,90
IM992LG,80,90
IM992LH,80,90
IM992LJ,80,90
IM992LL,80,90
IM992LN,80,90
IM992LP,80,90
IM992LR,80,90
IM992LS,80,90
IM992LT,80,90
IM992LW,80,90
IM992LX,80,90
IM992LY,80,90
IM992LZ,80,90
IM992NA,80,90
IM992NB,80,90
IM992ND,80,90
IM992NE,80,90
IM992NF,80,90
IM992NG,80,90
IM992NH,80,90
IM992NJ,80,90
IM992NL,80,90
IM992NN,80,90
IM992NP,80,90
IM992NQ,80,90
IM992NR,80,90
IM992NS,80,90
IM992NT,80,90
IM992NU,80,90
IM992NW,80,90
IM992NX,80,90
IM992NY,80,90
IM992NZ,80,90
IM992PA,80,90
IM992PB,80,90
IM992PD,80,90
IM992PE,80,90
IM992PF,80,90
IM992PG,80,90
IM992PH,80,90
IM992PJ,80,90
IM992PL,80,90
IM992PN,80,90
IM992PP,80,90
IM992PQ,80,90
IM992PR,80,90
IM992PS,80,90
IM992PT,80,90
IM992PW,80,90
IM992PX,80,90
IM992PY,80,90
IM992PZ,80,90
IM992QA,80,90
IM992QB,80,90
IM992QD,80,90
IM992QE,80,90
IM992QF,80,90
IM992QG,80,90
IM992QH,80,90
IM992QJ,80,90
IM992QL,80,90
IM992QN,80,90
IM992QP,80,90
IM992QQ,80,90
IM992QR,80,90
IM992QS,80,90
IM992QT,80,90
IM992QU,80,90
IM992QW,80,90
IM992QX,80,90
IM992QY,80,90
IM992QZ,80,90
IM992RA,80,90
IM992RB,80,90
IM992RD,80,90
IM992RE,80,90
IM992RF,80,90
IM992RG,80,90
IM992RH,80,90
IM992RJ,80,90
IM992RL,80,90
IM992RN,80,90
IM992RP,80,90
IM992RQ,80,90
IM992RR,80,90
IM992RS,80,90
IM992RT,80,90
IM992RU,80,90
IM992RW,80,90
IM992RX,80,90
IM992RY,80,90
IM992RZ,80,90
IM992SA,80,90
IM992SB,80,90
IM992SD,80,90
IM992SE,80,90
IM992SF,80,90
IM992SG,80,90
IM992SH,80,90
IM992SJ,80,90
IM992SL,80,90
IM992SN,80,90
IM992SP,80,90
IM992SQ,80,90
IM992SR,80,90
IM992SS,80,90
IM992ST,80,90
IM992SU,80,90
IM992SW,80,90
IM992SX,80,90
IM992SY,80,90
IM992SZ,80,90
IM992TA,80,90
IM992TB,80,90
IM992TD,80,90
IM992TE,80,90
IM992TF,80,90
IM992TG,80,90
IM992TH,80,90
IM992TJ,80,90
IM992TL,80,90
IM992TN,80,90
IM992TP,80,90
IM992TQ,80,90
IM992TR,80,90
IM992TS,80,90
IM992TT,80,90
IM992TU,80,90
IM992TW,80,90
IM992TX,80,90
IM992TY,80,90
IM992TZ,80,90
IM992UA,80,90
IM992UB,80,90
IM992UD,80,90
IM992UE,80,90
IM992UF,80,90
IM992UG,80,90
IM992UH,80,90
IM992UJ,80,90
IM992UL,80,90
IM992UN,80,90
IM992UP,80,90
IM992UQ,80,90
IM992UR,80,90
IM992US,80,90
IM992UT,80,90
IM992UU,80,90
IM992UW,80,90
IM992UX,80,90
IM992UY,80,90
IM992UZ,80,90
IM992XA,80,90
IM992XB,80,90
IM992XD,80,90
IM992XE,80,90
IM992XG,80,90
IM992XH,80,90
IM992XJ,80,90
IM992XL,80,90
IM992XN,80,90
IM992XP,80,90
IM992XQ,80,90
IM992XR,80,90
IM992XS,80,90
IM992XT,80,90
IM992XU,80,90
IM992XW,80,90
IM992XX,80,90
IM992XY,80,90
IM992XZ,80,90
IM992YA,80,90
IM992YB,80,90
IM992YD,80,90
IM992YE,80,90
IM992YF,80,90
IM992YG,80,90
IM992YH,80,90
IM992YJ,80,90
IM992YL,80,90
IM992YN,80,90
IM992YP,80,90
IM992YR,80,90
IM992YS,80,90
IM992YU,80,90
IM992YW,80,90
IM992YX,80,90
IM992YY,80,90
IM992YZ,80,90
IM993AA,80,90
IM993AB,80,90
IM993AD,80,90
IM993AE,80,90
IM993AF,80,90
IM993AG,80,90
IM993AH,80,90
IM993AJ,80,90
IM993AL,80,90
IM993AN,80,90
IM993AP,80,90
IM993AQ,80,90
IM993AR,80,90
IM993AS,80,90
IM993AT,80,90
IM993AU,80,90
IM993AW,80,90
IM993AY,80,90
IM993AZ,80,90
IM993BA,80,90
IM993BB,80,90
IM993BD,80,90
IM993BE,80,90
IM993BF,80,90
IM993BG,80,90
IM993BH,80,90
IM993BJ,80,90
IM993BL,80,90
IM993BN,80,90
IM993BP,80,90
IM993BQ,80,90
IM993BR,80,90
IM993BS,80,90
IM993BT,80,90
IM993BU,80,90
IM993BW,80,90
IM993BX,80,90
IM993BY,80,90
IM993BZ,80,90
IM993DA,80,90
IM993DB,80,90
IM993DD,80,90
IM993DE,80,90
IM993DF,80,90
IM993DG,80,90
IM993DH,80,90
IM993DJ,80,90
IM993DL,80,90
IM993DN,80,90
IM993DP,80,90
IM993DQ,80,90
IM993DR,80,90
IM993DS,80,90
IM993DT,80,90
IM993DU,80,90
IM993DW,80,90
IM993DX,80,90
IM993DY,80,90
IM993DZ,80,90
IM993EA,80,90
IM993EB,80,90
IM993ED,80,90
IM993EE,80,90
IM993EF,80,90
IM993EG,80,90
IM993EH,80,90
IM993EJ,80,90
IM993EL,80,90
IM993EN,80,90
IM993EP,80,90
IM993EQ,80,90
IM993ER,80,90
IM993ES,80,90
IM993ET,80,90
IM993EU,80,90
IM993EW,80,90
IM993EX,80,90
IM993EY,80,90
IM993EZ,80,90
IM993HA,80,90
IM993HB,80,90
IM993HD,80,90
IM993HE,80,90
IM993HF,80,90
IM993HG,80,90
IM993HH,80,90
IM993HJ,80,90
IM993HL,80,90
IM993HN,80,90
IM993HP,80,90
IM993HQ,80,90
IM993HR,80,90
IM993HS,80,90
IM993HT,80,90
IM993HU,80,90
IM993HW,80,90
IM993HX,80,90
IM993HY,80,90
IM993HZ,80,90
IM993JA,80,90
IM993JB,80,90
IM993JD,80,90
IM993JE,80,90
IM993JF,80,90
IM993JG,80,90
IM993JH,80,90
IM993JJ,80,90
IM993JL,80,90
IM993JN,80,90
IM993JP,80,90
IM993JQ,80,90
IM993JR,80,90
IM993JS,80,90
IM993JT,80,90
IM993JU,80,90
IM993JW,80,90
IM993JX,80,90
IM993JY,80,90
IM993JZ,80,90
IM993LA,80,90
IM993LB,80,90
IM993LD,80,90
IM993LE,80,90
IM993LF,80,90
IM993LG,80,90
IM993LH,80,90
IM993LJ,80,90
IM993LL,80,90
IM993LN,80,90
IM993LP,80,90
IM993LQ,80,90
IM993LR,80,90
IM993LS,80,90
IM993LT,80,90
IM993LU,80,90
IM993LW,80,90
IM993LX,80,90
IM993LY,80,90
IM993LZ,80,90
IM993NA,80,90
IM993NB,80,90
IM993ND,80,90
IM993NE,80,90
IM993NF,80,90
IM993NG,80,90
IM993NH,80,90
IM993NJ,80,90
IM993NL,80,90
IM993NN,80,90
IM993NP,80,90
IM993NQ,80,90
IM993NR,80,90
IM993NS,80,90
IM993NT,80,90
IM993NU,80,90
IM993NW,80,90
IM993NX,80,90
IM993NY,80,90
IM993NZ,80,90
IM993PA,80,90
IM993PB,80,90
IM993PD,80,90
IM993PE,80,90
IM993PF,80,90
IM993PG,80,90
IM993PH,80,90
IM993PJ,80,90
IM993PL,80,90
IM993PN,80,90
IM993PP,80,90
IM993PQ,80,90
IM993PR,80,90
IM993PS,80,90
IM993PT,80,90
IM993PU,80,90
IM993PW,80,90
IM993PX,80,90
IM993PY,80,90
IM993PZ,80,90
IM993QA,80,90
IM993QD,80,90
IM993QE,80,90
IM993QF,80,90
IM993QG,80,90
IM993QH,80,90
IM993QJ,80,90
IM993QL,80,90
IM993QN,80,90
IM993QP,80,90
IM993QQ,80,90
IM993QR,80,90
IM993QS,80,90
IM993QT,80,90
IM993QU,80,90
IM993QW,80,90
IM993QX,80,90
IM993QY,80,90
IM993QZ,80,90
IM993RA,80,90
IM993RB,80,90
IM993RD,80,90
IM993RE,80,90
IM993RF,80,90
IM993RG,80,90
IM993RH,80,90
IM993RJ,80,90
IM993RL,80,90
IM993RN,80,90
IM993RP,80,90
IM993RQ,80,90
IM993RR,80,90
IM993RS,80,90
IM993RT,80,90
IM993RU,80,90
IM993RW,80,90
IM993RX,80,90
IM993RY,80,90
IM993RZ,80,90
IM993SA,80,90
IM993SB,80,90
IM993SD,80,90
IM993SE,80,90
IM993SF,80,90
IM993SG,80,90
IM993SH,80,90
IM993SJ,80,90
IM993SL,80,90
IM993SN,80,90
IM993SP,80,90
IM993SQ,80,90
IM993SR,80,90
IM993SS,80,90
IM993ST,80,90
IM993SU,80,90
IM993SW,80,90
IM993SX,80,90
IM993SY,80,90
IM993SZ,80,90
IM993TA,80,90
IM993TB,80,90
IM993TD,80,90
IM993TE,80,90
IM993TF,80,90
IM993TG,80,90
IM993TH,80,90
IM993TJ,80,90
IM993TL,80,90
IM993TN,80,90
IM993TP,80,90
IM993TQ,80,90
IM993TR,80,90
IM993TS,80,90
IM993TT,80,90
IM993TU,80,90
IM993TW,80,90
IM993TX,80,90
IM993TY,80,90
IM993TZ,80,90
IM993UA,80,90
IM993UB,80,90
IM993UD,80,90
IM993UE,80,90
IM993UF,80,90
IM993UG,80,90
IM993UH,80,90
IM993UJ,80,90
IM993UL,80,90
IM993UN,80,90
IM993UP,80,90
IM993UQ,80,90
IM993UR,80,90
IM993US,80,90
IM993UT,80,90
IM993UU,80,90
IM993UW,80,90
IM993UX,80,90
IM993UY,80,90
IM993UZ,80,90
IM993WA,80,90
IM993WB,80,90
IM993WD,80,90
IM993WE,80,90
IM993WF,80,90
IM993WG,80,90
IM993WH,80,90
IM993WJ,80,90
IM993WL,80,90
IM993WN,80,90
IM993WP,80,90
IM993WQ,80,90
IM993WR,80,90
IM993WS,80,90
IM993WT,80,90
IM993WU,80,90
IM993WX,80,90
IM993WY,80,90
IM993WZ,80,90
IM993XA,80,90
IM993XB,80,90
IM993XD,80,90
IM993XE,80,90
IM993XF,80,90
IM993XG,80,90
IM993XH,80,90
IM993XJ,80,90
IM993XL,80,90
IM993XN,80,90
IM993XP,80,90
IM993XQ,80,90
IM993XR,80,90
IM993XS,80,90
IM993XT,80,90
IM993XU,80,90
IM993XW,80,90
IM993XX,80,90
IM993XY,80,90
IM993XZ,80,90
IM993YA,80,90
IM993YB,80,90
IM993YD,80,90
IM993YE,80,90
IM993YF,80,90
IM993YG,80,90
IM993YH,80,90
IM993YJ,80,90
IM993YL,80,90
IM993YN,80,90
IM993YP,80,90
IM993YQ,80,90
IM993YR,80,90
IM993YS,80,90
IM993YT,80,90
IM993YU,80,90
IM993YW,80,90
IM993YX,80,90
IM993YY,80,90
IM993YZ,80,90
IM993ZA,80,90
IM993ZB,80,90
IM993ZD,80,90
IM993ZE,80,90
IM993ZF,80,90
IM993ZG,80,90
IM993ZH,80,90
IM993ZJ,80,90
IM993ZL,80,90
IM993ZN,80,90
IM993ZP,80,90
IM993ZR,80,90
IM993ZS,80,90
IM993ZT,80,90
IM993ZU,80,90
IM993ZX,80,90
IM993ZY,80,90
IM993ZZ,80,90
IM994AB,80,90
IM994AD,80,90
IM994AE,80,90
IM994AF,80,90
IM994AG,80,90
IM994AH,80,90
IM994AJ,80,90
IM994AL,80,90
IM994AN,80,90
IM994AP,80,90
IM994AQ,80,90
IM994AR,80,90
IM994AS,80,90
IM994AT,80,90
IM994AU,80,90
IM994AW,80,90
IM994AX,80,90
IM994AY,80,90
IM994AZ,80,90
IM994BA,80,90
IM994BB,80,90
IM994BD,80,90
IM994BE,80,90
IM994BG,80,90
IM994BH,80,90
IM994BJ,80,90
IM994BL,80,90
IM994BN,80,90
IM994BP,80,90
IM994BQ,80,90
IM994BR,80,90
IM994BS,80,90
IM994BT,80,90
IM994BU,80,90
IM994BW,80,90
IM994BX,80,90
IM994BY,80,90
IM994BZ,80,90
IM994DA,80,90
IM994DD,80,90
IM994DE,80,90
IM994DF,80,90
IM994DG,80,90
IM994DJ,80,90
IM994DL,80,90
IM994DN,80,90
IM994DP,80,90
IM994DQ,80,90
IM994DR,80,90
IM994DS,80,90
IM994DT,80,90
IM994DU,80,90
IM994DW,80,90
IM994DX,80,90
IM994DY,80,90
IM994ED,80,90
IM994EE,80,90
IM994EF,80,90
IM994EG,80,90
IM994EH,80,90
IM994EJ,80,90
IM994EL,80,90
IM994EN,80,90
IM994EP,80,90
IM994EQ,80,90
IM994ER,80,90
IM994ES,80,90
IM994ET,80,90
IM994EU,80,90
IM994EW,80,90
IM994EX,80,90
IM994EY,80,90
IM994EZ,80,90
IM994HA,80,90
IM994HB,80,90
IM994HD,80,90
IM994HE,80,90
IM994HF,80,90
IM994HG,80,90
IM994HH,80,90
IM994HJ,80,90
IM994HN,80,90
IM994HP,80,90
IM994HQ,80,90
IM994HR,80,90
IM994HS,80,90
IM994HT,80,90
IM994HW,80,90
IM994HX,80,90
IM994HY,80,90
IM994HZ,80,90
IM994JA,80,90
IM994JB,80,90
IM994JD,80,90
IM994JE,80,90
IM994JG,80,90
IM994JH,80,90
IM994JJ,80,90
IM994JL,80,90
IM994JN,80,90
IM994JP,80,90
IM994JQ,80,90
IM994JR,80,90
IM994JS,80,90
IM994JT,80,90
IM994JU,80,90
IM994JW,80,90
IM994JX,80,90
IM994JY,80,90
IM994JZ,80,90
IM994LA,80,90
IM994LB,80,90
IM994LD,80,90
IM994LE,80,90
IM994LF,80,90
IM994LG,80,90
IM994LH,80,90
IM994LJ,80,90
IM994LL,80,90
IM994LN,80,90
IM994LP,80,90
IM994LQ,80,90
IM994LR,80,90
IM994LS,80,90
IM994LT,80,90
IM994LU,80,90
IM994LW,80,90
IM994LX,80,90
IM994LY,80,90
IM994LZ,80,90
IM994NA,80,90
IM994NB,80,90
IM994ND,80,90
IM994NE,80,90
IM994NF,80,90
IM994NG,80,90
IM994NH,80,90
IM994NJ,80,90
IM994NL,80,90
IM994NN,80,90
IM994NP,80,90
IM994NQ,80,90
IM994NR,80,90
IM994NT,80,90
IM994NU,80,90
IM994NW,80,90
IM994NX,80,90
IM994NY,80,90
IM994NZ,80,90
IM994PA,80,90
IM994PB,80,90
IM994PD,80,90
IM994PE,80,90
IM994PF,80,90
IM994PG,80,90
IM994PH,80,90
IM994PJ,80,90
IM994PL,80,90
IM994PN,80,90
IM994PP,80,90
IM994PQ,80,90
IM994PR,80,90
IM994PS,80,90
IM994PT,80,90
IM994PU,80,90
IM994PW,80,90
IM994PX,80,90
IM994PY,80,90
IM994PZ,80,90
IM994QA,80,90
IM994QD,80,90
IM994QE,80,90
IM994QF,80,90
IM994QG,80,90
IM994QH,80,90
IM994QJ,80,90
IM994QL,80,90
IM994QN,80,90
IM994QP,80,90
IM994QQ,80,90
IM994QR,80,90
IM994QS,80,90
IM994QT,80,90
IM994QU,80,90
IM994QW,80,90
IM994QX,80,90
IM994QY,80,90
IM994QZ,80,90
IM994RA,80,90
IM994RB,80,90
IM994RD,80,90
IM994RE,80,90
IM994UQ,80,90
IM994WH,80,90
IM995AZ,80,90
IM995BF,80,90
IM995DA,80,90
IM995DB,80,90
IM995DD,80,90
IM995DE,80,90
IM995DF,80,90
IM995DG,80,90
IM995DH,80,90
IM995DL,80,90
IM995DQ,80,90
IM995HP,80,90
IM995TA,80,90
IM995TB,80,90
IM995TD,80,90
IM995TE,80,90
IM995TF,80,90
IM995TG,80,90
IM995TH,80,90
IM995TJ,80,90
IM995TL,80,90
IM995TN,80,90
IM995TP,80,90
IM995TQ,80,90
IM995TS,80,90
IM995TT,80,90
IM995TU,80,90
IM995TW,80,90
IM995TX,80,90
IM995TY,80,90
IM995TZ,80,90
IM995UA,80,90
IM995UB,80,90
IM995UD,80,90
IM995UE,80,90
IM995UF,80,90
IM995UG,80,90
IM995UH,80,90
IM995UJ,80,90
IM995UL,80,90
IM995UN,80,90
IM995UP,80,90
IM995UQ,80,90
IM995UR,80,90
IM995US,80,90
IM995UT,80,90
IM995UU,80,90
IM995UW,80,90
IM995UX,80,90
IM995UY,80,90
IM995UZ,80,90
IM995XA,80,90
IM995XB,80,90
IM995XD,80,90
IM995XE,80,90
IM995XF,80,90
IM995XG,80,90
IM995XH,80,90
IM995XJ,80,90
IM995XL,80,90
IM995XN,80,90
IM995XP,80,90
IM995XQ,80,90
IM995XR,80,90
IM995XT,80,90
IM995XU,80,90
IM995XW,80,90
IM995XX,80,90
IM995XY,80,90
IM995XZ,80,90
IM995YA,80,90
IM995YB,80,90
IM995YD,80,90
IM995YE,80,90
IM995YF,80,90
IM995YG,80,90
IM995YH,80,90
IM995YJ,80,90
IM995YL,80,90
IM995YN,80,90
IM995YP,80,90
IM995YQ,80,90
IM995YR,80,90
IM995YS,80,90
IM995YT,80,90
IM995YU,80,90
IM995YW,80,90
IM995YX,80,90
IM995YY,80,90
IM995YZ,80,90
IM996AB,80,90
IM996AD,80,90
IM996AE,80,90
IM996AG,80,90
IM996AH,80,90
IM996AJ,80,90
IM996AL,80,90
IM996AN,80,90
IM996AQ,80,90
IM996AS,80,90
IM996AT,80,90
IM996AU,80,90
IM996AX,80,90
IM996AY,80,90
IM996AZ,80,90
IM996BA,80,90
IM996BB,80,90
IM996BD,80,90
IM996BE,80,90
IM996BF,80,90
IM996BG,80,90
IM996BH,80,90
IM996BJ,80,90
IM996BL,80,90
IM996BN,80,90
IM996BP,80,90
IM996BQ,80,90
IM996BR,80,90
IM996BS,80,90
IM996BT,80,90
IM996BW,80,90
IM996BX,80,90
IM997PA,80,90
IM997PB,80,90
IM997PE,80,90
IM997PF,80,90
IM997PG,80,90
IM997PH,80,90
IM997PJ,80,90
IM997PL,80,90
IM997PN,80,90
IM997PP,80,90
IM997PQ,80,90
IM997PR,80,90
IM997PS,80,90
IM997PT,80,90
IM997PU,80,90
IM997PW,80,90
IM997PX,80,90
IM997PY,80,90
IM997PZ,80,90
IM997QA,80,90
IM997QB,80,90
IM997QD,80,90
IM997QE,80,90
IM997QF,80,90
IM997QH,80,90
IM997QJ,80,90
IM997QL,80,90
IM997QN,80,90
IM997QP,80,90
IM997QQ,80,90
IM997QR,80,90
IM997QS,80,90
IM997QT,80,90
IM997QU,80,90
IM997QW,80,90
IM997QX,80,90
IM997QY,80,90
IM997QZ,80,90
IM997RA,80,90
IM997RS,80,90
IM997RT,80,90
IM997SU,80,90
IM997SX,80,90
IM997SY,80,90
IM997SZ,80,90
IM998HA,80,90
IM998HB,80,90
IM998HD,80,90
IM998HE,80,90
IM998HF,80,90
IM998HH,80,90
IM998HJ,80,90
IM998HL,80,90
IM998HN,80,90
IM998HQ,80,90
IM998HR,80,90
IM998HS,80,90
IM998HT,80,90
IM998HX,80,90
IM998HY,80,90
IM998HZ,80,90
IM998JA,80,90
IM998JB,80,90
IM998JD,80,90
IM998JE,80,90
IM998JF,80,90
IM998JG,80,90
IM998JJ,80,90
IM998JQ,80,90
IM998NZ,80,90
IM999XA,80,90
IM999XB,80,90
IM999XD,80,90
IM999XE,80,90
IM999XF,80,90
IM999XG,80,90
IM999XH,80,90
IM999XJ,80,90
IM999XL,80,90
IM999XN,80,90
IM999XP,80,90
IM999XQ,80,90
IM999XR,80,90
IM999XS,80,90
IM999XT,80,90
IM999XU,80,90
IM999XW,80,90
IM999XX,80,90
IM999XY,80,90
IM999XZ,80,90
IM999YA,80,90
IM999YB,80,90
IM999YD,80,90
IM999YE,80,90
IM999YF,80,90
IM999YG,80,90
IM999YH,80,90
IM999YQ,80,90
